id,raw_term,term,reading,definition,pitch_accent,affix_type,lesson_id
6f8eed7a-ca20-4da6-b3bc-396584901e0d,家族,家族,かぞく,家人；家庭,1,none,7
eb1b67ec-2b41-459c-8845-661265594194,父,父,ちち,我爸爸,2,none,7
c9450ad3-5f3b-4b0b-9141-90d36610e0d5,母,母,はは,我媽媽,1,none,7
6f00c56e-a6a9-4788-8b9e-dc93884c7163,兄,兄,あに,我哥哥,1,none,7
3e058668-cdcb-451e-a2d3-9e98a27534a2,姉,姉,あね,我姐姐,0,none,7
5ecb2300-3c6d-42bd-a00f-18f9c7900869,弟,弟,おとうと,我弟弟,4,none,7
9d32df0d-5231-448b-9667-96d0ddf32c53,妹,妹,いもうと,我妹妹,4,none,7
d258136b-f7df-4018-83d9-5b793d8bc76f,祖父,祖父,そふ,我祖父,1,none,7
3f4e8018-b795-404c-8f49-6cdf74cfeb80,祖母,祖母,そぼ,我祖母,1,none,7
7e999375-e51c-45d9-a2ec-ed12cb6a1e6c,夫,夫,おっと,我丈夫,0,none,7
f63678ae-2ebd-41c1-9d47-04b2d11d53b2,妻,妻,つま,我妻子,1,none,7
ae6234de-914a-4275-944f-c7539e038927,息子,息子,むすこ,我兒子,0,none,7
1f9dec40-ff19-4393-945c-fe1052887200,娘,娘,むすめ,我女兒,3,none,7
7c1bc461-2dac-46f9-88b3-a07e88b50b37,おじ,おじ,おじ,我舅舅；我叔叔,0,none,7
909ea076-c39d-4082-a983-3b51176dafbe,おば,おば,おば,我阿姨；我姑姑,0,none,7
0c57047a-cdfa-46ef-acb3-627fd2445e58,お父さん,お父さん,おとうさん,爸爸(敬稱),2,none,7
f0d30b73-d6de-454c-bad9-cfdd89cf3355,お母さん,お母さん,おかあさん,媽媽(敬稱),2,none,7
85e8c8c8-2b82-4ca5-a4f2-bf60af63a72e,お兄さん,お兄さん,おにいさん,哥哥(敬稱),2,none,7
bea66d52-f991-48c8-8570-6cdf0c076e0f,お姉さん,お姉さん,おねえさん,姐姐(敬稱),2,none,7
19400602-a3e5-4047-bc56-140e3c831e25,弟さん,弟さん,おとうとさん,弟弟(敬稱),0,none,7
17903676-baa9-4895-8f9a-63f95bc647cc,妹さん,妹さん,いもうとさん,妹妹(敬稱),0,none,7
4f0c9fcb-39b1-4843-a13d-ba160c697cdb,おじいさん,おじいさん,おじいさん,祖父(敬稱),2,none,7
46fd40f5-506b-4d0d-bb26-1064089187b5,おばあさん,おばあさん,おばあさん,祖母(敬稱),2,none,7
2fb2d8a1-7832-4cae-b33c-fc143af3226f,ご主人,ご主人,ごしゅじん,先生；丈夫(敬稱),2,none,7
8602549a-3fc8-45a9-9414-07819c58ab01,ご～,ご,ご,(美化語，表客氣、尊敬),-1,prefix,7
9900eb69-3461-430e-90dc-2174cce85bba,奥さん,奥さん,おくさん,太太(敬稱),1,none,7
6755e905-1ec1-4116-be63-3a727fa15cdf,お子さん,お子さん,おこさん,小孩(敬稱),0,none,7
601b32aa-3a3d-4ff7-9da8-60dd808f5bde,息子さん,息子さん,むすこさん,兒子(敬稱),0,none,7
158ee56d-20c5-49fc-9058-560255a19fb0,娘さん,娘さん,むすめさん,女兒(敬稱),0,none,7
ae63f509-f7f6-4eb4-bbbe-762f4bd49c75,おじさん,おじさん,おじさん,舅舅(敬稱)；叔叔(敬稱),0,none,7
c8881444-0240-4236-bc61-c64dd0617221,おばさん,おばさん,おばさん,阿姨(敬稱)；姑姑(敬稱),0,none,7
0fe36820-ab6a-45cd-bbbb-eddb9d78d078,あげます,あげます,あげます,給；送,3,none,7
edf706cc-e4a6-4b92-9980-8983641306cf,もらいます,もらいます,もらいます,收,4,none,7
a32290b3-bb01-4048-be26-53d8a95ff42d,人形,人形,にんぎょう,娃娃；人偶,0,none,7
6bf5da9a-2cd9-45cb-8344-c4f3909a8bc0,帽子,帽子,ぼうし,帽子,0,none,7
268cc501-806e-4281-bf71-ee0db0f92282,絵葉書,絵葉書,えはがき,風景明信片；繪畫明信片,2,none,7
8bbb67a8-19ab-4054-a394-23cb33b31c0b,教えます,教えます,おしえます,教；告訴,4,none,7
7c53e020-de19-4b3f-b633-81837761ed2f,習います,習います,ならいます,學習(技藝),4,none,7
99c4d154-f430-4876-a866-8472af988a49,電話をかけます,電話をかけます,でんわをかけます,打電話,-1,none,7
5104f893-c6d9-456c-9360-b8a6bd0e8cab,出します,出します,だします,提交；送出；拿出；取出,3,none,7
78ca5398-eb2a-4eb7-9402-0eaf2f1a7bb0,荷物,荷物,にもつ,行李；包裹,1,none,7
02a13247-8f6e-4766-9711-21d830b6aa6a,プレゼント,プレゼント,プレゼント,禮物,2,none,7
b5822e9b-bf42-4da3-8d1f-a02d5d79f5c7,送ります,送ります,おくります,寄送；送行,4,none,7
aa94898d-9819-4464-97a0-1b2483e52885,パスポート,パスポート,パスポート,護照,3,none,7
6d0c4560-124b-4396-8d9f-323c6c8fe936,学生証,学生証,がくせいしょう,學生證,0,none,7
31716b5f-877b-4593-8a55-02fafe0a2291,見せます,見せます,みせます,出示；給看,3,none,7
77c64c59-2118-4451-bf09-de59590d9c48,申込書,申込書,もうしこみしょ,申請書,6,none,7
136f6394-d3f8-48a2-bf7a-e5babc18dc6b,貸します,貸します,かします,借出,3,none,7
cb39abd8-565c-4aae-83e7-8607d76ce799,借ります,借ります,かります,借入,3,none,7
d0e7c006-9632-4e1f-bdae-957f8732cb5f,くれます,くれます,くれます,給(我),3,none,7
4354c80c-d953-4a1d-9f6e-7c14290d4e76,ありがとう,ありがとう,ありがとう,謝謝,2,none,7
b26b5fec-2cc9-4059-915b-c1f841821ecb,素敵,素敵,すてき,很好的,0,none,7
41e9a5f8-7019-44ff-be90-17bd5bc40798,嬉しい,嬉しい,うれしい,高興的；開心的,3,none,7
963ec0da-b3dc-4d11-86f9-5478f95ed978,かわいい,かわいい,かわいい,可愛的,3,none,7
de866e77-fe70-4c0e-85d2-2de903114be8,また,また,また,又；再,0,none,7
ba9e997f-bd9d-49fa-9c09-4c368ab7983b,みんなによろしく,みんなによろしく,みんなによろしく,代我向大家問好,-1,none,7
acd06981-39f8-4635-b194-6be4b54b086a,おめでとう,おめでとう,おめでとう,恭喜；快樂,0,none,7
f3a82ccf-e9f2-4add-832c-b7da1e9351fe,電話をします,電話をします,でんわをします,打電話,-1,none,7
deaffe30-55d4-45c0-a09a-e2b552e1361f,スカイプ,スカイプ,スカイプ,Skype,2,none,7
774f2354-f2ee-4f24-ab0c-f102206674a5,同じ,同じ,おなじ,一樣的；相同的,0,none,7
7d5aef64-fb20-4310-aa84-382156c3ee70,結婚します,結婚します,けっこんします,結婚,6,none,7
2f707862-45db-4581-97ea-71ee9de74b42,喧嘩します,喧嘩します,けんかします,吵架；打架,5,none,7
f1d22627-e77e-4944-b42a-5bd0abfe183a,強い,強い,つよい,強的,2,none,7
2d7676e4-6805-4aa0-b742-be833b49da8b,チーム,チーム,チーム,隊伍；團體,1,none,7
e42ffded-959e-40e6-8f63-2dae7ca61b15,試合,試合,しあい,比賽,0,none,7
1d342e66-b3f6-4bf3-9488-f021756a0352,恋人,恋人,こいびと,另一半；情侶,0,none,7
c2ae23a5-2784-452d-b1db-c3fefd817888,デートします,デートします,デートします,約會,5,none,7
9d4026b5-3fdd-4df3-93c1-7c672466344a,別れます,別れます,わかれます,分開；離別；分手,4,none,7
3e1bca41-ab2e-459f-8604-87221aa6bd27,相談します,相談します,そうだんします,諮詢；商量,6,none,7
7f431dcd-a311-41db-86f1-442dab4eec47,会います,会います,あいます,見面,3,none,7
f223493f-269b-403a-b4f9-ff6c0fef8c40,似ています,似ています,にています,相似；像,4,none,7
e60d1d41-f350-4c46-8072-2b9df12f01fb,違います,違います,ちがいます,不一樣；不同,4,none,7
eca79f11-8cef-4b1a-b860-ee53e924dcbe,年,年,とし,年齡,2,none,7
f83d7cf7-24b7-4b2a-b09f-5fd4d1215824,うちわ,うちわ,うちわ,團扇,2,none,7
85f37894-8384-4830-8f20-aa807752df22,扇子,扇子,せんす,摺扇,0,none,7
c8c6e688-525c-470d-80d0-b9f67b4da470,草履,草履,ぞうり,草鞋,0,none,7
c8355088-7845-493a-aebb-b441887b9cfc,下駄,下駄,げた,木屐,0,none,7
565c52dc-8752-4c88-9099-50e87f34c23c,ほしい,ほしい,ほしい,想要的,2,none,7
708e37dd-8a79-4b8b-9431-644b26d521ff,不便,不便,ふべん,不便的,1,none,7
75e45ae7-efa4-4f1b-87fb-7ffb6ee05c14,プール,プール,プール,泳池,1,none,7
63d45ddb-cd02-4232-aabc-01d3c73a2273,泳ぎます,泳ぎます,およぎます,游泳,4,none,7
d273b9ba-620c-4a42-a989-6ceab161f889,アニメ,アニメ,アニメ,動畫,1,none,7
a2085e59-2df1-4da9-8ff9-831dcbd0c5e5,とき,とき,とき,時候；時間,2,none,7
7eb23675-05e8-4f5a-a61a-7fb868cb96f6,歌います,歌います,うたいます,唱,4,none,7
16f21369-1ec0-438a-bc4a-fcf47fca6f15,寂しい,寂しい,さびしい,寂寞的；空虛的,3,none,7
2e9878a3-b70c-487d-a816-9e94fb0883bb,病気,病気,びょうき,疾病；生病,0,none,7
d248b5ca-1616-4a7b-a4cd-b54e32f29733,それはよかったですね,それはよかったですね,それはよかったですね,那真是太好了,-1,none,7
51d84c0d-4b41-422a-937d-54a6db42afe2,～前,前,まえ,～前,-1,suffix,7
e51d8229-733f-4548-beb6-96966e52e408,毎月,毎月,まいつき,每個月,0,none,7
aa9d7418-d1c3-4d07-8f4e-ecc5b2cb4eb5,奨学金,奨学金,しょうがくきん,獎學金,0,none,7
5b1ea595-ab8f-425d-8b55-7a9341d6439a,友達になります,友達になります,ともだちになります,成為朋友；當朋友,-1,none,7
936900f0-e6e4-420c-b15f-6f817436c597,戦争,戦争,せんそう,戰爭,0,none,7
d5046df5-ea50-4a76-8e25-a0a98b488b6e,わかります,わかります,わかります,懂；會；知道,4,none,8
b037a50c-0d84-48e5-8c12-6b35387595c8,待ちます,待ちます,まちます,等,3,none,8
9a926c70-f3d0-4384-8bd9-b1df1d6e5baf,遊びます,遊びます,あそびます,玩,4,none,8
ae301ec8-07a6-41fd-86c1-357717c5a4e6,死にます,死にます,しにます,死,3,none,8
1f20a459-7729-4a3f-8ef9-1488efd900c7,大学院,大学院,だいがくいん,研究所,4,none,8
d2534198-5ef1-4725-bc31-f897df2a3121,決めます,決めます,きめます,決定,3,none,8
66581918-fccd-422e-81fc-e23a8c6b23cf,まだ,まだ,まだ,還(未)；尚(未),1,none,8
4787dc82-1149-4487-ad11-cf7528c237cd,登ります,登ります,のぼります,爬；攀爬,4,none,8
2a17ab32-7c1c-4cb9-bb5a-20221a606046,なります,なります,なります,變；成為；當,3,none,8
c27178a9-bc4d-4fbb-bc4b-3b2c073963bb,DVD,DVD,ディーブイディー,DVD,5,none,8
b61d6f89-a597-4f7d-bd5b-bd52dafd9838,漫画,漫画,まんが,漫畫,0,none,8
645e05df-a12b-4778-9914-09d9aa30d211,大変,大変,たいへん,辛苦的；嚴重的；糟糕的,0,none,8
20ce1cef-1a47-402e-bd2f-137916a842e6,雨,雨,あめ,雨,1,none,8
d04ed8ad-3cb8-4007-bd39-7d1929f80e37,外国語,外国語,がいこくご,外文,0,none,8
d3de1ba4-80c8-4fe5-88d1-e010412286a3,会,会,かい,聚會；集會,1,none,8
39e0819f-347a-47af-88d6-200892ef3b90,コート,コート,コート,球場,1,none,8
22d62e77-aebc-4db4-8380-70f76e82234d,有名,有名,ゆうめい,有名的,0,none,8
632f4a14-45e7-45a3-871f-335e6bd3704e,オリンピック,オリンピック,オリンピック,奧林匹克運動會,4,none,8
88b4a7a9-72eb-485a-94ba-14aed592b170,フリーマーケット,フリーマーケット,フリーマーケット,跳蚤市場,4,none,8
6f4fff5b-e5b9-4a70-bbdb-1b50c94d0448,棚,棚,たな,架子；櫃子,0,none,8
1ec79a67-968b-4206-8a59-5d4bef2df0ed,講義,講義,こうぎ,講座；講解；課,1,none,8
b68985b7-05aa-4e9c-81b5-e528556f1a16,神社,神社,じんじゃ,神社,1,none,8
643447f4-99a9-48d3-ae51-ca5f4bff051a,祭り,祭り,まつり,祭典；慶典,0,none,8
b4c4198a-f994-4830-af27-a29bc1d95023,今度の,今度の,こんどの,這次的；下次的,1,none,8
5a00f766-96f8-47c8-8217-48848b05e91f,ちょっと,ちょっと,ちょっと,有點(不便)(表婉拒),1,none,8
fcb335c2-24c7-439e-8317-25512d929c53,東京タワー,東京タワー,とうきょうたわー,東京鐵塔,5,none,8
f8c30ffd-bad6-47ac-ab74-fa67d8648616,秋葉原,秋葉原,あきはばら,秋葉原(地名),3,none,8
e9b7de47-1d7e-40ff-9019-5163ec6504a1,東京ドーム,東京ドーム,とうきょうどーむ,東京巨蛋,5,none,8
6cfaf031-024c-46b9-9d6f-001900ada6d3,ディズニーランド,ディズニーランド,ディズニーランド,迪士尼樂園,5,none,8
d20249c1-f835-4dca-8196-ef037bccc090,成田空港,成田空港,なりたくうこう,成田機場,4,none,8
88e83ffa-4bbe-46f7-9fb1-3fcd61bd1a78,両国,両国,りょうごく,兩國(地名),0,none,8
44a17155-1baa-45c6-ab71-fe38beb4c1d4,舞浜,舞浜,まいはま,舞濱(地名),0,none,8
426f077e-79c9-4846-bf6b-bdd4552650cc,皇居,皇居,こうきょ,皇居,1,none,8
16d26be0-57d0-463b-ae7e-01ed2c4a841b,新橋,新橋,しんばし,新橋(地名),1,none,8
689a0514-5f7c-433d-8a55-f6164bfe0625,浜松町,浜松町,はままつちょう,濱松町(地名),4,none,8
aba8c49b-1ac6-457a-bb2a-a7096db7eb55,羽田空港,羽田空港,はねだくうこう,羽田機場,4,none,8
baf74151-8fd9-4ff6-a2a4-104e9e71359a,六本木,六本木,ろっぽんぎ,六本木(地名),0,none,8
c5b3942b-8fe4-410d-bba7-daa4ac7794bd,品川,品川,しながわ,品川(地名),0,none,8
ca327db3-50dd-4f2f-b422-3e5b2ebcad09,渋谷,渋谷,しぶや,澀谷(地名),0,none,8
515fa453-2b7a-47a1-945f-ff772cd799cc,明治神宮,明治神宮,めいじじんぐう,明治神宮,4,none,8
8ba02641-b969-4035-833a-2b391c829b31,池袋,池袋,いけぶくろ,池袋(地名),3,none,8
f48527b3-7186-431f-9546-18c65c32bb94,原宿,原宿,はらじゅく,原宿(地名),0,none,8
3ad5f394-2021-434a-ac44-4ebc4aaa3e8c,奈良,奈良,なら,奈良(地名),1,none,8
b2c72b03-170e-4cf5-a837-c6bfd4555563,中国語,中国語,ちゅうごくご,中文,0,none,8
f8d5545a-5dbc-4314-b979-3a7d5f6f76b9,弾きます,弾きます,ひきます,彈奏,3,none,8
d43beb27-2342-4af3-aab9-ae9b4a349bd3,ピアノ,ピアノ,ピアノ,鋼琴,0,none,8
d841b00f-7942-407e-8346-ea150c469e4e,ギター,ギター,ギター,吉他,1,none,8
decc716b-8b99-419b-b70c-dc1b510d8f24,メロン,メロン,メロン,哈密瓜,1,none,8
68ccd284-555a-4da1-a069-877cae6f6e98,スイカ,スイカ,スイカ,西瓜,0,none,8
c2a6bd9a-88e9-420a-878d-2c0f427d647a,地震,地震,じしん,地震,0,none,8
d3b1faa7-2326-4e3e-ad66-9fbd8cb6fe53,東北,東北,とうほく,東北(地區),0,none,8
57d8e3a6-4c8e-4bf3-8c72-3fd06355328e,自動販売機,自動販売機,じどうはんばいき,自動販賣機,6,none,8
2bf3b3dd-a229-4490-b14d-afde3d6993a7,それは大変ですね,それは大変ですね,それはたいへんですね,那真是辛苦呢,-1,none,8
97a1ab57-d552-4c01-b828-7e34bd6460f2,試験勉強,試験勉強,しけんべんきょう,應試讀書,4,none,8
82bcbcda-c802-458e-9143-ea0ecd2394fe,春休み,春休み,はるやすみ,春假,3,none,8
2b787077-5092-4bc1-8917-999a70fe73df,多い,多い,おおい,多的,1,none,8
5ddb75e8-7bed-47c5-9e71-bbd55cdcf5cd,少ない,少ない,すくない,少的,3,none,8
c619dbb0-bf34-41ef-8237-89afc5ea190c,お辞儀,お辞儀,おじぎ,鞠躬；行禮,0,none,8
a63fe0ce-1c39-4501-8226-f55c9dd520b2,握手します,握手します,あくしゅします,握手,5,none,8
6fae61a8-c526-46aa-8681-f740f528b098,いいですね,いいですね,いいですね,(聽起來)真不錯,1,none,8
ae5168c5-060c-40e5-b3bb-49e6cd5a3d96,ところ,ところ,ところ,地方,3,none,8
af09abe9-84f6-4bec-8ada-b9bb5d72c44a,雪,雪,ゆき,雪,2,none,8
4f652a2f-5fc2-4914-bdf5-c87ca75a9cc6,スキー場,スキー場,すきーじょう,滑雪場,0,none,8
13912252-083c-4b0e-94a0-41ab0ad836e4,へえ,へえ,へえ,哦(表當下理解的驚嘆),0,none,8
03cc891c-a12a-499a-a6b2-d78991954314,上手,上手,じょうず,拿手的；熟練的；擅長的,3,none,8
e2ae169a-a80d-44df-a42b-167cee5adf90,答えます,答えます,こたえます,回答；應答,4,none,8
fdec499c-ad45-41fa-ad02-123a2c65ea81,始めます,始めます,はじめます,開始,4,none,8
f27fb63c-cbb5-4587-9fea-56e05fcac1ba,大使館,大使館,たいしかん,大使館,3,none,8
f8fed0b2-2f63-4712-9c40-6a541204ecf4,ベトナム語,ベトナム語,べとなむご,越南文,0,none,8
a3159362-3554-41cd-8068-1deefd3142e7,座る,座る,すわる,坐,0,none,9
2eb7e96d-834c-470f-904f-3452810a3755,立つ,立つ,たつ,站,1,none,9
5d222f19-6a23-4f46-ab5d-501c1ea757a2,質問する,質問する,しつもんする,詢問；提問,0,none,9
01019fb3-b770-4622-b2ce-9b0d3cfa617b,グラフ,グラフ,グラフ,圖表,1,none,9
69ea36bd-2937-4f72-8048-39bd0a4e7227,いいですよ,いいですよ,いいですよ,可以啊(表允許),1,none,9
2b4e4133-8e0b-4500-b205-f69c396db844,手伝う,手伝う,てつだう,幫忙；協助,3,none,9
af0eca46-c329-4db0-9c6a-fc25c13ba0b7,意味,意味,いみ,意思,1,none,9
2ceaeec2-d16f-459d-9ef4-7038abedc5f9,地図,地図,ちず,地圖,1,none,9
2ad1e236-323e-407a-980d-2b0c3d80e001,持つ,持つ,もつ,拿；帶；持有,1,none,9
eb6103ca-49d1-496d-a795-083245b217e1,塩,塩,しお,鹽,2,none,9
e3352e50-57d3-4272-945e-376725d1708c,取る,取る,とる,拿取；取得；拿下；偷取,1,none,9
d8d3e579-8019-440a-b4ea-2953ced1eb68,ドア,ドア,ドア,門,1,none,9
04abd505-0a8b-4e67-921d-a82bce2eeb9a,開ける,開ける,あける,打開(門、窗),0,none,9
aeac1a4a-96c7-4faa-8d84-7683f7c0eea7,置く,置く,おく,放；放置,0,none,9
98189319-940e-43ec-a1c1-ad64ebe6dbd5,住所,住所,じゅうしょ,地址,1,none,9
9aeedc50-b56a-4c5d-922c-78ec6bfa39f3,会話,会話,かいわ,對話；談話,0,none,9
9a2dd218-3b09-468f-95c5-59885d669c6f,～方,方,かた,～的方法,-1,suffix,9
4abffb4d-51c0-4ab0-8caa-06043df3b8d9,切符,切符,きっぷ,票；車票,0,none,9
d8d84f15-20af-4870-af52-394b797a76ab,箸,箸,はし,筷子,1,none,9
93e7ca68-25f5-447e-ace5-0abbb4708030,発音する,発音する,はつおんする,發音,0,none,9
71aad816-89ef-4c06-9565-94b9cf824edf,コピーする,コピーする,コピーする,複印；複製,1,none,9
448ef26a-399e-488e-a408-c555978cf4ed,コピーを取る,コピーを取る,こぴーをとる,複印；影印,-1,none,9
cca1d8b7-4ee6-49f6-ab08-045919e43100,休む,休む,やすむ,休息；缺席；請假,2,none,9
c8845dea-13fe-45d2-b152-56a9b0ef5f88,呼ぶ,呼ぶ,よぶ,叫；稱,0,none,9
00d1144b-7715-4172-8b9e-5ac51b043fb6,使う,使う,つかう,使用,0,none,9
b4c9a38c-c896-485a-a082-7f3182c9d894,忘れる,忘れる,わすれる,忘記,0,none,9
fc787f47-3733-4555-a9b3-764e2adb4cc4,遅れる,遅れる,おくれる,遲到,0,none,9
1e076f16-538f-41f0-9546-9be5c9238d3d,心配する,心配する,しんぱいする,擔心,0,none,9
52cbd272-0afa-466a-bff7-5304e35a50c0,みんな,みんな,みんな,大家,3,none,9
c668b9ad-4589-4f56-bd5e-434da565a084,言う,言う,いう,說；講,0,none,9
3ecfab88-52a8-43e3-b23d-e990159ff483,だから,だから,だから,所以；因此,1,none,9
8984aa80-608a-4ef0-8ac4-994d3ba33d25,持って来る,持って来る,もってくる,帶來；拿來,-1,none,9
0f46ef0b-301f-4a76-89fd-ba7a4bf02df3,たばこ,たばこ,たばこ,香菸,0,none,9
e1c930a1-d376-420a-b37f-ceece86f79fc,吸う,吸う,すう,吸；抽(菸),0,none,9
ebe14ed2-7871-4e4f-9a7c-9e30dea8975d,返す,返す,かえす,歸還,1,none,9
e4443341-d425-4d6b-9eb5-8f1a0cdb5926,迎える,迎える,むかえる,迎接,0,none,9
b09d8cdd-9c52-412b-a19d-3a2002fd4b50,文学,文学,ぶんがく,文學,1,none,9
89afbb31-6853-48f3-adb6-759483bbb938,研究する,研究する,けんきゅうする,研究；鑽研,0,none,9
b8211459-3c22-407d-9c2c-4246a6f0be62,イギリス,イギリス,イギリス,英國,0,none,9
90d9b6a2-c519-4d8d-bec4-2148a5b5a7e8,日光,日光,にっこう,日光(地名),1,none,9
ad7c14bd-19f6-4eac-a2d7-f5d28fac55a9,大丈夫,大丈夫,だいじょうぶ,沒問題的,3,none,9
191bb1a2-083c-4368-b805-fb4daef0b361,よかった,よかった,よかった,那就好；太好了,1,none,9
6aa848c2-b1c6-45de-ad83-032efbf809f9,調べる,調べる,しらべる,調查；查詢,3,none,9
22b06d04-4905-46de-aa0f-e4814ff31f46,東照宮,東照宮,とうしょうぐう,東照宮,3,none,9
8bb7b0e3-ac2b-4ccb-ac81-791fcf55b41c,たこ焼き,たこ焼き,たこやき,章魚燒,0,none,9
39cb4571-9cbc-4ceb-a99b-f2d307f3556f,時計台,時計台,とけいだい,鐘樓,2,none,9
d91e211b-1b68-4c32-b386-bf0fd293c2a6,試験をする,試験をする,しけんをする,進行考試,-1,none,9
25af1e62-09c2-4ffe-8663-c2bcf771fd62,大切,大切,たいせつ,重要的,0,none,9
787d2c79-2cfc-404c-a2ab-9a9c622a766e,覚える,覚える,おぼえる,記下；記得,3,none,9
2317a31a-b6ad-4d4d-9b93-eb3bb55fb426,頑張る,頑張る,がんばる,努力；加油,3,none,9
3cbe397e-1212-4216-b72c-b2bfb2f60b85,遅く,遅く,おそく,很晚(的時間),0,none,9
3caf9043-c398-4ed4-acba-1b6067a095b9,眠い,眠い,ねむい,想睡的,0,none,9
d2bacf67-5a4d-43a9-816d-d8b095bd5656,顔,顔,かお,臉,0,none,10
255774a3-79bf-44c1-81d2-faf6ce9d5580,洗う,洗う,あらう,洗,0,none,10
fdba4989-d7a0-4e50-b83a-31ab6bb9b9e5,歯,歯,は,牙齒,1,none,10
38b0f390-289d-427f-aae4-ffc55c5a45bc,磨く,磨く,みがく,刷(牙)；磨,0,none,10
690146bc-f09a-4171-ad75-761e1235180f,シャワー,シャワー,シャワー,淋浴,1,none,10
96667c54-89c7-4122-814d-11ca7a842e0b,浴びる,浴びる,あびる,淋；沐,0,none,10
1f271c87-7cae-4946-9519-4f1324e3efb7,入る,入る,はいる,進入；加入；參與,1,none,10
8922bfcc-0e8b-4455-b848-a762edc1b9cd,出る,出る,でる,出去；出來,1,none,10
f05b3e8f-e4a5-48c3-bb44-c22fc687a694,乗る,乗る,のる,搭乘,0,none,10
a29e9beb-183c-420b-a2f6-8b8aee5be1cf,降りる,降りる,おりる,下(車),2,none,10
18460065-cfd0-48ea-8460-89980fad1001,着く,着く,つく,到；抵達,1,none,10
3c93bae3-0659-4ed0-a24e-8b58532e5654,ホテル,ホテル,ホテル,飯店,1,none,10
dffa78ad-ec70-43d8-8d2c-dd3299d481ef,乗り換える,乗り換える,のりかえる,轉乘,4,none,10
1fcb44b4-582f-419d-af74-d11b3ee4f497,下りる,下りる,おりる,下(樓梯),2,none,10
3042ace1-deab-4df3-8142-3a8c42d0bf10,階段,階段,かいだん,樓梯,0,none,10
36c2333c-cc89-4b86-99f0-c0428eedc4cc,論文,論文,ろんぶん,論文,0,none,10
87e8ba40-c46e-44ab-bcfc-35248f817f25,どうやって,どうやって,どうやって,該怎麼,-1,none,10
7b969a42-ee18-4f3e-bc38-3881f61a4fa5,横浜,横浜,よこはま,橫濱(地名),0,none,10
3682f71c-16d5-49ad-bc1c-b564f66c4842,JR,JR,ジェイアール,JR；日本鐵路公司,3,none,10
b4f4e70d-2aa8-4ffe-a566-42e5a1928c5f,行きたいんですが,行きたいんですが,いきたいんですが,我想去(後多接疑問、請求),-1,none,10
f0531d69-9e7f-4be5-9788-4682354bb405,お台場,お台場,おだいば,御台場(地名),0,none,10
d0e3793f-25dd-41b3-80e5-2101052806e5,服,服,ふく,衣服,2,none,10
ee5c2c77-74dc-4492-b935-8f6632380a2c,成績,成績,せいせき,成績,0,none,10
a2394a58-7c6f-42ba-8068-cd3d8f6a382f,どうなりましたか,どうなりましたか,どうなりましたか,變得怎麼樣了呢,-1,none,10
ce4c9ce4-69ae-45a1-a173-857a1bf236cc,昔,昔,むかし,從前；很久以前,0,none,10
1bf64eea-754d-4ebd-8762-f1143c60ec26,降る,降る,ふる,下(雨、雪),1,none,10
1628b13c-6957-4f06-bd77-a7773bace84b,止む,止む,やむ,(雨、風)停止,0,none,10
d29cab8f-5e99-4b94-aaf7-2f72f35d9f2a,空,空,そら,天空,1,none,10
5206e163-44be-4f57-9a2b-7bd33ae2d20d,台風,台風,たいふう,颱風,3,none,10
420e64c0-e3e6-48f0-9aa3-fa5d55602b13,風,風,かぜ,風,0,none,10
7cdd6c05-2abf-4c27-ac77-0dc73eed8c47,吹く,吹く,ふく,吹；刮(風),1,none,10
c94af3bb-65e3-486b-8c26-a7c4543936a3,雪だるま,雪だるま,ゆきだるま,雪人,3,none,10
e386aa1e-da62-4434-90ac-76d7144a3227,見学する,見学する,けんがくする,參訪；參觀學習,0,none,10
af5f2160-4944-40e4-91cb-af5729f87bd9,集める,集める,あつめる,收集；集合,3,none,10
8d9d4a33-8a5a-4aa0-9dfd-3d68a74ce3fa,～字,字,じ,～字,1,suffix,10
1e4a4bc6-7b46-4fdf-8410-5c5d8f8ae54e,全部,全部,ぜんぶ,全部,1,none,10
dd020908-5c61-4527-8aae-b097fae705a9,半分,半分,はんぶん,一半,3,none,10
2b399feb-3346-45a9-98ac-2486d7484518,スケジュール,スケジュール,スケジュール,行事曆；行程表,3,none,10
8574f94f-fbf7-44b1-b95b-3539e24178d4,見物する,見物する,けんぶつする,參觀；賞,0,none,10
a24e29b5-1e9e-4149-b277-7488f566e506,とうふ,とうふ,とうふ,豆腐,3,none,10
986c97df-5e3b-4400-a364-3e273d1181c8,泊まる,泊まる,とまる,住(宿),0,none,10
6ae00197-a016-446a-8c78-fe90704d1b82,旅館,旅館,りょかん,(日式傳統)旅館,0,none,10
95bcf513-e9c4-4bc3-8af0-ec9d4aadeb8c,早く,早く,はやく,早,1,none,10
17c21629-4d67-4acf-bc61-c39c71a3b0d6,その前に,その前に,そのまえに,在那之前,3,none,10
98b8ec4f-d2cc-4e32-8446-4e15e752c418,銀座,銀座,ぎんざ,銀座(地名),0,none,10
647ca28c-a01e-4c42-8546-65e597c853b2,もっと,もっと,もっと,更；更加；再,1,none,10
b9e25133-bb33-405e-92f8-562f22724ae6,いつも,いつも,いつも,總是；通常,1,none,10
f44453a9-4cf9-41d1-9d9b-c3f951dedfb4,手,手,て,手,1,none,10
1260842b-4936-49e6-9f09-c0a51e799607,入れる,入れる,いれる,放進；放入,0,none,11
30e1aa7c-c788-45f8-9111-1116f090ccd9,かける,かける,かける,掛；掛上,0,none,11
180115ad-4e94-4a6c-ba9e-433676fd8b4c,のせる,のせる,のせる,放；放上；盛上,0,none,11
5ec8cb46-78f4-40a8-8322-6b8e6e5f8567,壁,壁,かべ,牆壁,0,none,11
60655ba4-f85d-45a2-a04a-c7b6f0076557,砂糖,砂糖,さとう,糖；砂糖,2,none,11
f0a4824e-e92f-4593-9f4d-3565c3332674,シャツ,シャツ,シャツ,襯衫,1,none,11
fa2e833e-3dd6-4e3f-9826-7b4342a79737,ミルク,ミルク,ミルク,(非鮮乳)牛奶,1,none,11
4eb2200c-e097-4a5a-b770-a1f12de97ccb,袋,袋,ふくろ,袋子,3,none,11
8bac8872-964e-4b8b-b093-fa752193d3d3,書類,書類,しょるい,文件；資料,0,none,11
324c4a1b-da6f-4f90-a03d-5a61ab75d65f,ゆで卵,ゆで卵,ゆでたまご,水煮蛋,3,none,11
74bce645-c192-4d2a-8484-1e2e5eac3e2b,鍋,鍋,なべ,鍋子；火鍋,1,none,11
c3f7bb68-cd58-4345-a848-66ed6dddfcbe,ゆでる,ゆでる,ゆでる,水煮；川燙,2,none,11
0882b790-96b9-433d-8936-55b472e9cf80,住む,住む,すむ,居住,1,none,11
a755db7b-a007-4f22-b372-712a0867d8d4,知る,知る,しる,知道；認識,0,none,11
290831fc-3758-45bb-8f3f-1ec73f8ff83f,番号,番号,ばんごう,號碼；編號,3,none,11
928c5367-92e4-401c-aba4-929b7f7cb466,スター,スター,スター,明星,2,none,11
175c354f-a288-4894-ba7d-a1ed1d8c134f,働く,働く,はたらく,工作；勞動,0,none,11
f608166c-b27d-4443-bc21-2b66d09b34b9,小学校,小学校,しょうがっこう,小學,3,none,11
ffaf3ac0-3d69-4610-bcce-133f8ddf1a61,～年生,年生,ねんせい,～年級,-1,suffix,11
2f0a4f0a-947a-42d9-80f5-abd94bea3663,経済学,経済学,けいざいがく,經濟學,3,none,11
9cc15d54-e5ca-4ca5-a3e3-27eccd00a4db,もう,もう,もう,已經,1,none,11
2c346c66-6d63-4843-8ee4-531892fdaf9c,払う,払う,はらう,支付,2,none,11
050235c8-c35f-47de-861f-f3ddd32a7b06,正しい,正しい,ただしい,正確的；對的,3,none,11
e6777d80-23ed-469a-80a4-b1a6b720e3f4,答え,答え,こたえ,回答；答案,2,none,11
9bb2d00c-a974-44bd-ba10-f8be1c8823d2,思い出す,思い出す,おもいだす,想起；記起,4,none,11
7bfbd980-852a-443d-b224-bf16eea64c32,チェックする,チェックする,チェックする,確認；檢查；核對,1,none,11
4db3ceef-b22c-4d81-8261-e5adf649f8e7,録音する,録音する,ろくおんする,錄音,0,none,11
3f4bb2d4-fab8-48fe-99a1-3320efe3c52e,もう一度,もう一度,もういちど,再一次,0,none,11
16698b17-c2db-487f-9315-e82502d98745,おはようございます,おはようございます,おはようございます,早安,-1,none,11
dac6b451-7e42-464e-b12e-22106b0e5d10,こんにちは,こんにちは,こんにちは,午安；日安；嗨,5,none,11
4a18a231-e40b-45e3-8982-0948791ecfdf,こんばんは,こんばんは,こんばんは,晚上好；嗨,5,none,11
c71da4e8-476e-477a-88ab-058d486a67e3,さようなら,さようなら,さようなら,再會；再見,5,none,11
150e5d28-2333-476f-8572-409164ce124f,留学生,留学生,りゅうがくせい,留學生,3,none,11
10459e49-17c3-4c81-94a7-39705965e5c0,サークル,サークル,サークル,(大學)社團,0,none,11
39b5937a-e959-4af3-a0c8-57d1a4140d23,書道部,書道部,しょどうぶ,書法社,2,none,11
7705b885-df04-4880-8cdb-f3448cc7e13b,もちろん,もちろん,もちろん,當然,2,none,11
c19f0d6c-0915-40d0-b1e6-36d101004f07,ほか,ほか,ほか,其他,0,none,11
23cb55db-1efd-4605-a9cb-a325f145e596,～たち,たち,たち,～們；～等人,-1,suffix,11
79534f60-6272-45b1-a12d-1cafb720ea7a,ビザ,ビザ,ビザ,簽證,1,none,11
62662c40-3e5d-43a6-b1bf-7edcf17e871b,ノックする,ノックする,ノックする,敲(門),1,none,11
f36d270a-a09a-45ca-bd95-eccadc2e1670,連絡する,連絡する,れんらくする,聯絡；聯繫,0,none,11
8fb476e8-4660-4965-8f97-52f132df6578,初めて,初めて,はじめて,第一次,2,none,11
b93cb087-2bae-460a-912d-0ef388253752,いただきます,いただきます,いただきます,我開動了,2,none,11
f9cd7508-e324-41dc-9d51-b84aaae1e64d,ごちそうさまでした,ごちそうさまでした,ごちそうさまでした,謝謝款待,7,none,11
fa576394-cb8c-4278-941b-2c04506fea9f,おやすみなさい,おやすみなさい,おやすみなさい,晚安,6,none,11
126b5219-9f94-44df-b5c4-bb368c236b5e,ただいま,ただいま,ただいま,我回來了,4,none,11
b844f455-f944-493b-8a6b-b156699268cc,思う,思う,おもう,想；認為；覺得,2,none,11
ae4be614-c113-4f57-96ee-c73a0dc3842b,～について,について,について,關於～,-1,suffix,11
8e7336ea-ef75-44e9-91e5-84378f8e74b5,こと,こと,こと,事；事情,2,none,11
1a921095-f6ba-4121-8a7d-1297742590ff,ジョギングする,ジョギングする,ジョギングする,慢跑,0,none,11
aa9505c1-853b-429c-b6bf-43654e0a3b6e,洗濯する,洗濯する,せんたくする,洗衣服,0,none,11
d060dca9-ea7f-47da-9e32-4610dd2d077c,掃除する,掃除する,そうじする,打掃,0,none,11
923e1bb2-0c71-487f-bda6-6e50f43f781d,開く,開く,あく,(門、窗)開,0,none,11
9bf62433-1c96-4fb9-b07a-f412ae9a2b5a,閉まる,閉まる,しまる,(門、窗)關,2,none,11
356f5bc8-b88a-4785-95f0-9edc73011440,赤ちゃん,赤ちゃん,あかちゃん,小嬰兒,1,none,11
22580774-a032-45f1-a902-d3d1ede665dd,泣く,泣く,なく,哭,0,none,11
a7ed3845-0c29-475b-a385-ee2472bf6547,笑う,笑う,わらう,笑,0,none,11
3fc7bdba-a5c1-4aec-874c-40a7f7a92589,焼きそば,焼きそば,やきそば,(日式)炒麵,0,none,11
94d60d46-8ccb-44ab-b680-51af69696e38,わかりました,わかりました,わかりました,我知道了,4,none,11
9443b041-a831-4c62-ae5e-e3990b85e47d,楽しみにしています,楽しみにしています,たのしみにしています,我很期待,-1,none,11
1c8f0583-20f6-4375-87d3-83de69ceb023,いろいろ,いろいろ,いろいろ,各式各樣的,0,none,11
93f38f76-627b-4420-995e-9257b0faba8b,もの,もの,もの,東西,2,none,11
fbf91c14-4156-40ce-ae4a-37d56499ccf0,売る,売る,うる,賣；販賣,0,none,11
11842e40-655a-44f7-9d7e-e569b15366ec,もうすぐ,もうすぐ,もうすぐ,馬上；即將,3,none,11
e1deaaec-abf6-44d9-a696-898ab76f5861,お神輿,お神輿,おみこし,神轎,2,none,11
2e5c15dc-ce52-4eae-b70d-5648d541b9fe,今度,今度,こんど,這次；下次,1,none,11
aa46ff90-1f37-4a1f-930f-2f58cb08a6f4,薬,薬,くすり,藥,0,none,11
53876208-c4c2-4c79-852f-6677beb316ec,渡す,渡す,わたす,遞；交付,0,none,11
2fe2161f-7b3e-49ac-94e0-74f32ca1a610,着る,着る,きる,穿(上身衣物),0,none,12
2fe9a4a1-a60b-4dd2-a6c1-aeec85132031,脱ぐ,脱ぐ,ぬぐ,脫,1,none,12
24f65e63-3429-4286-ae79-0a2c9d3d1855,スーツ,スーツ,スーツ,西裝；套裝,1,none,12
cbd5922f-b9ec-4c7a-b746-c63b7a0b5e3e,上着,上着,うわぎ,上衣；外衣,0,none,12
7e1a74a4-c27d-4ff7-9199-c25657d96329,セーター,セーター,セーター,毛衣,1,none,12
6c5a4300-18f6-4ba7-9d39-2cdbb27d8d80,ズボン,ズボン,ズボン,長褲,1,none,12
84642117-3cae-4e61-9a23-663ef381da1e,スカート,スカート,スカート,裙子,2,none,12
30b0ec47-b9f4-4a8b-bed8-6a1e769a9271,靴下,靴下,くつした,襪子,2,none,12
b39c6833-8d16-4da7-95de-c98149c45fee,靴,靴,くつ,鞋子,2,none,12
ec168193-f303-4db0-a525-c76ddbef0257,はく,はく,はく,穿(下身衣物、鞋、襪),0,none,12
d6537e5f-369e-47af-8049-855f233f7032,かぶる,かぶる,かぶる,戴(帽子),2,none,12
d8cca907-434a-4e8c-a2fc-2e398b78b38a,メガネ,メガネ,メガネ,眼鏡,1,none,12
457c91bc-271a-4274-9022-4923c25325b7,メガネをかける,メガネをかける,メガネをかける,戴眼鏡,-1,none,12
499aa8c6-ff33-40e8-af41-3378457ec116,ネクタイ,ネクタイ,ネクタイ,領帶,1,none,12
e2949f83-edca-4f60-a506-9fecdf73c06c,ネクタイをする,ネクタイをする,ネクタイをする,繫領帶,-1,none,12
8d1b11c3-203c-439b-8d44-df9dc45dd08e,アクセサリー,アクセサリー,アクセサリー,飾品,3,none,12
f204b1d2-97d4-4f1c-b1b2-67443e68f880,着物,着物,きもの,和服,0,none,12
a42ad804-3b5e-4251-9c19-b9a3eaabec82,色,色,いろ,顏色,2,none,12
85b66fef-d758-4fc9-8490-004dc3815cd8,何色,何色,なにいろ,什麼顏色,0,none,12
3694bb15-f241-4db8-a1f3-b833e572515c,グレー,グレー,グレー,灰色,2,none,12
dc97e4be-2054-4ed7-958e-73a4dd3599e1,茶色,茶色,ちゃいろ,棕色；咖啡色,0,none,12
b62fe7b6-f82f-4281-bd6f-ca0ca635e0ad,ピンク,ピンク,ピンク,粉紅色,1,none,12
53a30d36-f95f-4fb3-8888-23161268d519,緑,緑,みどり,綠色,1,none,12
0e9b5f80-63b3-4ec8-a928-33fafe497490,金,金,きん,金色,1,none,12
4079ed7c-749b-44d1-8e62-f93eedcfb85e,ネックレス,ネックレス,ネックレス,項鍊,1,none,12
c33c1911-6a05-4632-8022-4a765546bff6,イヤリング,イヤリング,イヤリング,耳夾,1,none,12
29ce0b29-c57c-4de1-b927-d90953d0ac7f,どうして,どうして,どうして,為什麼,1,none,12
c9080021-e288-45e0-8a58-4b878f27a458,なぜ,なぜ,なぜ,為什麼,1,none,12
a63c1320-0c35-4c36-bb13-2218317fa757,カラオケ,カラオケ,カラオケ,卡拉OK；KTV,0,none,12
157258a1-61bb-45da-a54a-b8e2c0db2000,下手,下手,へた,笨拙的；爛的；不擅長的,2,none,12
2afbd90d-5946-45c2-aba9-9d52acc7fab1,急ぐ,急ぐ,いそぐ,急忙；加快,2,none,12
1b8a9fb3-665b-4c08-a132-9e118da83791,国際関係,国際関係,こくさいかんけい,國際關係,5,none,12
5773712f-f7ce-473c-91d1-c8fa63e385fe,頑張ってください,頑張ってください,がんばってください,請加油；加油哦,-1,none,12
005485d3-1d63-4d22-b6bc-c59871118227,バラ,バラ,バラ,玫瑰,0,none,12
c78571ce-314e-4e21-9f5f-18ccc4cf32a7,梨,梨,なし,梨子,2,none,12
6f89c0cf-8e41-41d3-93f5-eb31e89b738e,植物,植物,しょくぶつ,植物,2,none,12
cfa851f4-9696-4bf6-b0da-42b5f309ba63,竹,竹,たけ,竹子,0,none,12
8df292d1-ded3-4a8e-ac51-720a54432a6c,梅,梅,うめ,梅花；梅子,0,none,12
efa2388e-10fa-4940-91f9-52d175e7e8a2,羊羹,羊羹,ようかん,羊羹,1,none,12
086f4af6-f155-40ce-8595-4d30bdc434c5,かまぼこ,かまぼこ,かまぼこ,魚板,0,none,12
4c2407d7-21b2-4000-aade-2d2f5085cbb0,楽器,楽器,がっき,樂器,0,none,12
1ea6fbf8-c3f7-440e-9907-d0b59a4b75de,三味線,三味線,しゃみせん,三味線,0,none,12
7e62db1e-15ed-4a54-acee-7234c4330d90,まぐろ,まぐろ,まぐろ,鮪魚,0,none,12
29902c17-b83e-46b9-95a3-304ea56bdbf6,だんご,だんご,だんご,糰子,0,none,12
76dd438d-17e4-4646-a53a-d7c34bf508f6,フエ,フエ,フエ,順化(越南地名),1,none,12
ce0987c6-f01e-44e3-9496-072e04e3ed85,どうぞよろしくお願いします,どうぞよろしくお願いします,どうぞよろしくおねがいします,請多指教,-1,none,12
a5a57868-de55-4a87-9f9c-cca1b92e2c4a,コート,コート,コート,大衣；風衣,1,none,12
166beac1-49dd-43ea-8a58-ce6960077bf8,いつか,いつか,いつか,總有一天,1,none,12
b3c546f4-168d-4dec-919c-0166682f5620,世界,世界,せかい,世界,1,none,12
c8001673-7611-4d39-8652-096a3cfddcc1,世界旅行,世界旅行,せかいりょこう,環遊世界；環球旅行,4,none,12
e9bd805d-3372-44ec-8c4d-c255b38a3967,神様,神様,かみさま,神明,1,none,12
94d99b42-a251-4ace-af3e-47b7a8cada26,踊り,踊り,おどり,(傳統)舞蹈,0,none,12
394a625d-11c3-4d67-96be-1f2ac3a8dca7,浴衣,浴衣,ゆかた,浴衣,0,none,12
1f206bb0-261d-4d54-8c96-b8a2494be546,盆踊り,盆踊り,ぼんおどり,盂蘭盆舞,3,none,12
896bb8ec-b414-4abf-a168-aaa9fe7f0954,踊る,踊る,おどる,跳舞；舞動,0,none,12
15648cc2-667b-4449-9520-17e7c701fb45,農業,農業,のうぎょう,農業,1,none,12
9e5ca4ca-7944-4008-a0ee-d540c2dd3723,関係,関係,かんけい,關係,0,none,12
f34d9006-2b04-4b73-9a85-86868873c2d9,米,米,こめ,米；稻米；米飯,2,none,12
d76beb15-8c89-45ac-a8a4-c78eb344a54f,米ができる,米ができる,こめができる,稻米豐收,-1,none,12
ef0efe1e-eaa9-41e5-bd20-36ae5626243e,喜ぶ,喜ぶ,よろこぶ,開心；喜悅,3,none,12
73090669-ff0e-49e1-9661-76373d0ca072,周り,周り,まわり,周圍,0,none,12
962723e6-c817-4ad4-b61e-9c1d90d7d84d,提灯,提灯,ちょうちん,燈籠,3,none,12
20530968-cabd-4981-8fcd-9df343ca8b72,ランプ,ランプ,ランプ,燈；檯燈；立燈,1,none,12
97d2f13a-08de-421f-9a1f-6c51efeeb4d9,屋台,屋台,やたい,攤販,1,none,12
42babd7f-c956-4468-bbcc-04df6138cab0,並ぶ,並ぶ,ならぶ,排隊；排列,0,none,12
fea7bd72-5969-4c2e-8643-5f210e583483,ゲーム,ゲーム,ゲーム,遊戲,1,none,12
78aef01a-d41a-40eb-9b8e-b10f532e7455,おせち料理,おせち料理,おせちりょうり,年菜,4,none,12
d60e031b-c9b0-4553-bd8e-3daf3f81ca61,お正月,お正月,おしょうがつ,新年,5,none,12
e41ae814-710c-48df-9a2f-60a945673362,特別,特別,とくべつ,特別的,0,none,12
082b2957-df4b-4a0d-aa58-37455c601d9d,ようこそ,ようこそ,ようこそ,歡迎來到,1,none,12
5586eb23-d1c4-4410-8f34-9227db8d0a91,お世話になります,お世話になります,おせわになります,麻煩您照顧了,-1,none,12
fe0ff46a-70a7-445f-a795-7c29adc5fc62,はっぴ,はっぴ,はっぴ,法被(傳統日式薄外衣),0,none,12
b3201608-24b4-47ae-b1c2-f331b9b46cd6,ホームステイ,ホームステイ,ホームステイ,寄宿家庭,5,none,12
7275bfb2-3334-4c46-9d90-203d2c0cf33c,珍しい,珍しい,めずらしい,稀有的；珍稀的；少見的,4,none,12
7b468ee2-191f-4bd2-86e3-d567062fecd5,オジギソウ,オジギソウ,オジギソウ,含羞草,3,none,12
afb802b4-c5f4-437e-8210-39d64dbb7927,府中市,府中市,ふちゅうし,府中市(地名),2,none,12
9340cb7c-f45d-4d84-8cb2-ea918a65f4de,,,,,-1,none,-1
151b78d3-e52a-4961-9660-380bb8d788b3,,,,,-1,none,-1
67418abb-90a4-49da-a20d-03706321fae2,,,,,-1,none,-1
3628dc16-a34c-49c3-96f8-0ced77a8fc61,,,,,-1,none,-1
d3d78354-e1b4-445e-848e-42b1de15ef25,,,,,-1,none,-1
d8fd4cd1-be1a-47f9-9184-3afe3b609334,,,,,-1,none,-1
337ffcc5-2295-468f-a8c4-3f8cea8b0362,,,,,-1,none,-1
b90dee82-a3ad-44d5-9352-6482744ac024,,,,,-1,none,-1
deecede1-12b8-40b5-904b-1b16a0003a87,,,,,-1,none,-1
3111d960-710b-4c16-a283-bf0bd5f253eb,,,,,-1,none,-1
1d47b6ae-49cf-4493-b462-220fd75d9990,,,,,-1,none,-1
3d122af5-d261-4715-a1a7-f3df5710d80c,,,,,-1,none,-1
e3b2b470-ef4f-4e48-95be-db9bede5fb00,,,,,-1,none,-1
98c0b138-5482-438f-abf7-756ca2c84627,,,,,-1,none,-1
a1efd347-53d7-4881-bfd0-87eebae9a186,,,,,-1,none,-1
df21ae68-3160-4eb7-ba68-9974e0344ed1,,,,,-1,none,-1
22622cf7-35c2-4204-a659-3b18020dfd68,,,,,-1,none,-1
19759b98-f34c-4561-b3a2-dfaf8209fce1,,,,,-1,none,-1
1fe07ad3-8e3f-4515-8216-72be8a4c4cf1,,,,,-1,none,-1
a76867f6-0adc-486c-9982-583705291a6d,,,,,-1,none,-1
183c8ac0-e1f1-4e0b-80cb-5da4968d356b,,,,,-1,none,-1
d81b5c88-8c21-49e5-8a9a-1d61f320538e,,,,,-1,none,-1
bebb4e89-500e-4425-83f3-1209902473e2,,,,,-1,none,-1
a51520d0-2529-4885-8e8f-b55a6a032e33,,,,,-1,none,-1
853fe3c1-08b4-430a-9958-d3a853ae80e6,,,,,-1,none,-1
15004220-4390-4cf2-9c70-e013044ce062,,,,,-1,none,-1
3b4854a1-9ad3-4750-a490-d0fee8a015dd,,,,,-1,none,-1
caf49c3e-0562-44f4-9b19-ada7abb6d2d6,,,,,-1,none,-1
216baf9d-36d6-459e-82a5-9ecf30b89306,,,,,-1,none,-1
4d63dee1-109d-4be8-b82d-97dc6acbb5e6,,,,,-1,none,-1
33b3e515-9b6f-4f44-8612-35ed78973db0,,,,,-1,none,-1
d69fd03a-5fc9-4427-9214-eefc80bfda2d,,,,,-1,none,-1
eca5ade4-5907-4ae2-93f1-4811eef3b032,,,,,-1,none,-1
1205bdf1-075f-4ec1-86b4-6213d604a32d,,,,,-1,none,-1
7d8808dd-c2cc-4ffa-b300-ce378f3fc52f,,,,,-1,none,-1
b564b960-fa6a-4f54-a4a9-ecef4a073bc1,,,,,-1,none,-1
b2fabffa-9038-49e2-b19f-a2c852456dc5,,,,,-1,none,-1
b084c246-eab0-41d8-9b5c-a4ab3e80bc3c,,,,,-1,none,-1
e9a7e96c-b7a8-476e-a351-ae0fc2acfe00,,,,,-1,none,-1
00880597-2332-408e-85c8-94f9db90eb38,,,,,-1,none,-1
432bfe3c-6d63-4be6-bfee-25de1df2ba7b,,,,,-1,none,-1
0fca4abe-d180-4c6e-9374-9f552d8cc901,,,,,-1,none,-1
8bfd5a6c-e43d-4c58-9356-91b18103c30e,,,,,-1,none,-1
cbb2a51f-3c43-4653-b2dd-28bcf42dc6fb,,,,,-1,none,-1
d2b9602e-94e0-47c1-acd8-d908f8ad2b1f,,,,,-1,none,-1
405b1cf3-a976-492e-9617-337b9b548ff3,,,,,-1,none,-1
0234efa2-971e-40ca-b9dc-521621172343,,,,,-1,none,-1
f67c8149-706f-4e84-a5c7-c2a2334e4ed1,,,,,-1,none,-1
79f2951f-39ec-4aa8-a5bc-bf4e6487b071,,,,,-1,none,-1
9a24bd27-9174-4be6-9d1f-9039019b9825,,,,,-1,none,-1
e0549745-a76e-45a9-b845-f1c6fdfefd28,,,,,-1,none,-1
643f221d-fa51-4f3a-8162-4e43ae606d24,,,,,-1,none,-1
35331466-09d7-4031-ad6e-3faf57ba045d,,,,,-1,none,-1
52810c02-426d-4f79-a100-66107789b0e9,,,,,-1,none,-1
db97906f-e307-466e-9144-7fa361a7c565,,,,,-1,none,-1
55d7f82d-3d42-4b8e-8e88-fd1c34b7d5a8,,,,,-1,none,-1
d7a3061e-3ac4-489f-b214-2268748c93f8,,,,,-1,none,-1
d77ac232-ff1a-4357-95b0-7a554ef80883,,,,,-1,none,-1
b7fb4429-486b-473f-b950-c1a5549509e3,,,,,-1,none,-1
a8fe1e7e-01e9-4d33-baae-797cac0ca756,,,,,-1,none,-1
adf0a58c-b4c1-456e-b580-b9ca4ac428fa,,,,,-1,none,-1
d81989d3-ed93-4e9e-b7fd-5c3eb08e18e4,,,,,-1,none,-1
6ae81a7a-16fc-463d-9ec1-d7125c421c58,,,,,-1,none,-1
4a76fd4f-5b1a-4b38-964d-f50d3e43874d,,,,,-1,none,-1
1cc0886c-9825-4dee-a0c5-aba5506b2a7b,,,,,-1,none,-1
ecd464b5-1dd9-43d4-8a4c-876d32627744,,,,,-1,none,-1
852b20e3-ef39-421d-8f4c-c90caefc996f,,,,,-1,none,-1
2a028d46-6265-4458-b0cd-cbfb7ba7292f,,,,,-1,none,-1
a5ba7697-f558-43af-b8cb-033b0cdef86d,,,,,-1,none,-1
c3f5f36b-bf1a-49d3-a44c-b80e69b61ec4,,,,,-1,none,-1
ffaae91d-a75d-4f3f-bd58-53e49d8ad63a,,,,,-1,none,-1
0f1ffb19-1c41-48ef-b1ff-5d5e24d0ff5d,,,,,-1,none,-1
42d63c98-6d6e-4b65-8c36-289dbff58b75,,,,,-1,none,-1
60475225-632d-4782-b42e-798e71d11102,,,,,-1,none,-1
c6dd840a-8cfd-4352-8eb0-5c297c8c8acc,,,,,-1,none,-1
0c899945-334f-4386-acdf-014137112ba0,,,,,-1,none,-1
44f9009e-5299-4767-97b3-f79f0dad1d46,,,,,-1,none,-1
998cb7b1-0674-4c96-8033-01e28bc87a23,,,,,-1,none,-1
077ab432-9f2c-492d-a89d-02977a9b8251,,,,,-1,none,-1
9ac46b74-a381-4a18-95ef-023124ad48fe,,,,,-1,none,-1
c3f6f332-6ca1-460a-9fb9-5e52e1c7613d,,,,,-1,none,-1
de27215c-b708-4800-bd1b-ebe4b3e2115b,,,,,-1,none,-1
eadca622-441e-4829-8d02-a05deb4f1957,,,,,-1,none,-1
09bd1d6c-2138-4a1c-a636-241a58aad8fe,,,,,-1,none,-1
e51f7cce-9f83-41a7-9abb-6f92283bc7d5,,,,,-1,none,-1
cb22f1de-8fc4-427a-935b-9c798aa49ab6,,,,,-1,none,-1
91307517-5015-450f-bea3-f382def8cdb0,,,,,-1,none,-1
964596e5-1794-48dc-b5b6-6e90ef1add84,,,,,-1,none,-1
64977972-290e-48ad-8f59-fa778bb974c5,,,,,-1,none,-1
3162f3ab-445e-4dfd-83f8-5cb90008c9b5,,,,,-1,none,-1
e65d9c21-a5bd-45bb-82e7-3e7cbce1b479,,,,,-1,none,-1
7a337474-5a3d-4fae-bec3-4934f7cf06d2,,,,,-1,none,-1
1827bcb1-1a2e-4f6b-80ae-b04eef0dade4,,,,,-1,none,-1
d3b0f0bb-1898-4a81-8fb0-7929261ee542,,,,,-1,none,-1
70be5609-ce33-487d-86b1-3bb03dafb8f9,,,,,-1,none,-1
a4b4830d-5f27-4d94-82bb-9fdaafcb92e1,,,,,-1,none,-1
95aaaf2d-ee29-4d6b-a320-585fccb4c1ac,,,,,-1,none,-1
057f85af-ec78-4318-8c2d-251c6571a27a,,,,,-1,none,-1
6654e826-ff84-4967-8ab5-81926c4aed8d,,,,,-1,none,-1
d151b7e3-0217-46da-a5f6-8e7e03a3ada5,,,,,-1,none,-1
a1f04c00-7682-43ea-bcf8-ff4d1baba707,,,,,-1,none,-1
9d13b31b-bcfa-4bb5-873c-8211175db827,,,,,-1,none,-1
e62a0e33-696a-4dbb-8f22-02b66d0dc7cb,,,,,-1,none,-1
f3dbca7d-eef3-4b05-a529-2414dd92e05d,,,,,-1,none,-1
271e0c8c-f8f0-44f4-b0d2-48ddb0a3c9c5,,,,,-1,none,-1
b9a16530-f496-48f4-8d72-70ab7fcb2ee3,,,,,-1,none,-1
b39c5b0c-d42b-469f-8983-fc735cac0015,,,,,-1,none,-1
87f46bc6-b0c4-4f4e-bb2b-501786f79946,,,,,-1,none,-1
1ab01748-5660-45c4-956d-f8186e122d61,,,,,-1,none,-1
aa2d3470-4d70-471f-a639-17e4d2fd933a,,,,,-1,none,-1
