"單　　字","讀　　音","重音","中　文　翻　譯","課","句型","詞性","動詞
分類","動詞
辭書形","辭書形
重音","","","","","","","","",""
"家族","かぞく","1","家人；家庭","7","07-0","名詞","-","-","-","","","","","","","","",""
"父","ちち","2","我爸爸","7","07-0","名詞","-","-","-","","","","","","","","",""
"母","はは","1","我媽媽","7","07-0","名詞","-","-","-","","","","","","","","",""
"兄","あに","1","我哥哥","7","07-0","名詞","-","-","-","","","","","","","","",""
"姉","あね","0","我姐姐","7","07-0","名詞","-","-","-","","","","","","","","",""
"弟","おとうと","4","我弟弟","7","07-0","名詞","-","-","-","","","","","","","","",""
"妹","いもうと","4","我妹妹","7","07-0","名詞","-","-","-","","","","","","","","",""
"祖父","そふ","1","我祖父","7","07-0","名詞","-","-","-","","","","","","","","",""
"祖母","そぼ","1","我祖母","7","07-0","名詞","-","-","-","","","","","","","","",""
"夫","おっと","0","我丈夫","7","07-0","名詞","-","-","-","","","","","","","","",""
"妻","つま","1","我妻子","7","07-0","名詞","-","-","-","","","","","","","","",""
"息子","むすこ","0","我兒子","7","07-0","名詞","-","-","-","","","","","","","","",""
"娘","むすめ","3","我女兒","7","07-0","名詞","-","-","-","","","","","","","","",""
"おじ","-","0","我舅舅；我叔叔","7","07-0","名詞","-","-","-","","","","","","","","",""
"おば","-","0","我阿姨；我姑姑","7","07-0","名詞","-","-","-","","","","","","","","",""
"お父さん","おとうさん","2","爸爸(敬稱)","7","07-0","名詞","-","-","-","","","","","","","","",""
"お母さん","おかあさん","2","媽媽(敬稱)","7","07-0","名詞","-","-","-","","","","","","","","",""
"お兄さん","おにいさん","2","哥哥(敬稱)","7","07-0","名詞","-","-","-","","","","","","","","",""
"お姉さん","おねえさん","2","姐姐(敬稱)","7","07-0","名詞","-","-","-","","","","","","","","",""
"弟さん","おとうとさん","0","弟弟(敬稱)","7","07-0","名詞","-","-","-","","","","","","","","",""
"妹さん","いもうとさん","0","妹妹(敬稱)","7","07-0","名詞","-","-","-","","","","","","","","",""
"おじいさん","-","2","祖父(敬稱)","7","07-0","名詞","-","-","-","","","","","","","","",""
"おばあさん","-","2","祖母(敬稱)","7","07-0","名詞","-","-","-","","","","","","","","",""
"ご主人","ごしゅじん","2","先生；丈夫(敬稱)","7","07-0","名詞","-","-","-","","","","","","","","",""
"ご～","-","-","(美化語，表客氣、尊敬)","7","07-0","前綴","-","-","-","","","","","","","","",""
"奥さん","おくさん","1","太太(敬稱)","7","07-0","名詞","-","-","-","","","","","","","","",""
"お子さん","おこさん","0","小孩(敬稱)","7","07-0","名詞","-","-","-","","","","","","","","",""
"息子さん","むすこさん","0","兒子(敬稱)","7","07-0","名詞","-","-","-","","","","","","","","",""
"娘さん","むすめさん","0","女兒(敬稱)","7","07-0","名詞","-","-","-","","","","","","","","",""
"おじさん","-","0","舅舅(敬稱)；叔叔(敬稱)","7","07-0","名詞","-","-","-","","","","","","","","",""
"おばさん","-","0","阿姨(敬稱)；姑姑(敬稱)","7","07-0","名詞","-","-","-","","","","","","","","",""
"あげます","-","3","給；送","7","07-1","動詞","2","あげる","0","","","","","","","","",""
"もらいます","-","4","收","7","07-1","動詞","1","もらう","0","","","","","","","","",""
"人形","にんぎょう","0","娃娃；人偶","7","07-1","名詞","-","-","-","","","","","","","","",""
"帽子","ぼうし","0","帽子","7","07-1","名詞","-","-","-","","","","","","","","",""
"絵葉書","えはがき","2","風景明信片；繪畫明信片","7","07-1","名詞","-","-","-","","","","","","","","",""
"教えます","おしえます","4","教；告訴","7","07-3","動詞","2","教える","0","","","","","","","","",""
"習います","ならいます","4","學習(技藝)","7","07-3","動詞","1","習う","2","","","","","","","","",""
"電話をかけます","でんわをかけます","-","打電話","7","07-3","詞組","-","-","-","","","","","","","","",""
"出します","だします","3","提交；送出；拿出；取出","7","07-3","動詞","1","出す","1","","","","","","","","",""
"荷物","にもつ","1","行李；包裹","7","07-3","名詞","-","-","-","","","","","","","","",""
"プレゼント","-","2","禮物","7","07-3","名詞","-","-","-","","","","","","","","",""
"送ります","おくります","4","寄送；送行","7","07-3","動詞","1","送る","0","","","","","","","","",""
"パスポート","-","3","護照","7","07-3","名詞","-","-","-","","","","","","","","",""
"学生証","がくせいしょう","0","學生證","7","07-3","名詞","-","-","-","","","","","","","","",""
"見せます","みせます","3","出示；給看","7","07-3","動詞","2","見せる","2","","","","","","","","",""
"申込書","もうしこみしょ","6","申請書","7","07-3","名詞","-","-","-","","","","","","","","",""
"貸します","かします","3","借出","7","07-3","動詞","1","貸す","0","","","","","","","","",""
"借ります","かります","3","借入","7","07-3","動詞","2","借りる","0","","","","","","","","",""
"くれます","-","3","給(我)","7","07-4","動詞","2","くれる","0","","","","","","","","",""
"ありがとう","-","2","謝謝","7","07-4","句子","-","-","-","","","","","","","","",""
"素敵","すてき","0","很好的","7","07-4","ナ形容詞","-","-","-","","","","","","","","",""
"嬉しい","うれしい","3","高興的；開心的","7","07-4","イ形容詞","-","-","-","","","","","","","","",""
"かわいい","-","3","可愛的","7","07-4","イ形容詞","-","-","-","","","","","","","","",""
"また","-","0","又；再","7","07-4","副詞","-","-","-","","","","","","","","",""
"みんなによろしく","-","-","代我向大家問好","7","07-4","句子","-","-","-","","","","","","","","",""
"おめでとう","-","0","恭喜；快樂","7","07-4","句子","-","-","-","","","","","","","","",""
"電話をします","でんわをします","-","打電話","7","07-4","詞組","-","-","-","","","","","","","","",""
"スカイプ","-","2","Skype","7","07-4","名詞","-","-","-","","","","","","","","",""
"同じ","おなじ","0","一樣的；相同的","7","07-5","ナ形容詞","-","-","-","","","","","","","","",""
"結婚します","けっこんします","6","結婚","7","07-5","動詞","3","結婚する","0","","","","","","","","",""
"喧嘩します","けんかします","5","吵架；打架","7","07-5","動詞","3","喧嘩する","0","","","","","","","","",""
"強い","つよい","2","強的","7","07-5","イ形容詞","-","-","-","","","","","","","","",""
"チーム","-","1","隊伍；團體","7","07-5","名詞","-","-","-","","","","","","","","",""
"試合","しあい","0","比賽","7","07-5","名詞","-","-","-","","","","","","","","",""
"恋人","こいびと","0","另一半；情侶","7","07-5","名詞","-","-","-","","","","","","","","",""
"デートします","-","5","約會","7","07-5","動詞","3","デートする","1","","","","","","","","",""
"別れます","わかれます","4","分開；離別；分手","7","07-5","動詞","2","別れる","3","","","","","","","","",""
"相談します","そうだんします","6","諮詢；商量","7","07-5","動詞","3","相談する","0","","","","","","","","",""
"会います","あいます","3","見面","7","07-5","動詞","1","会う","1","","","","","","","","",""
"似ています","にています","4","相似；像","7","07-5","動詞","2","似る*","0","","","","","","","","",""
"違います","ちがいます","4","不一樣；不同","7","07-5","動詞","1","違う","0","","","","","","","","",""
"年","とし","2","年齡","7","07-5","名詞","-","-","-","","","","","","","","",""
"うちわ","-","2","團扇","7","07-5","名詞","-","-","-","","","","","","","","",""
"扇子","せんす","0","摺扇","7","07-5","名詞","-","-","-","","","","","","","","",""
"草履","ぞうり","0","草鞋","7","07-5","名詞","-","-","-","","","","","","","","",""
"下駄","げた","0","木屐","7","07-5","名詞","-","-","-","","","","","","","","",""
"ほしい","-","2","想要的","7","07-7","イ形容詞","-","-","-","","","","","","","","",""
"不便","ふべん","1","不便的","7","07-7","ナ形容詞","-","-","-","","","","","","","","",""
"プール","-","1","泳池","7","07-7","名詞","-","-","-","","","","","","","","",""
"泳ぎます","およぎます","4","游泳","7","07-7","動詞","1","泳ぐ","2","","","","","","","","",""
"アニメ","-","1","動畫","7","07-7","名詞","-","-","-","","","","","","","","",""
"とき","-","2","時候；時間","7","07-9","名詞","-","-","-","","","","","","","","",""
"歌います","うたいます","4","唱","7","07-9","動詞","1","歌う","0","","","","","","","","",""
"寂しい","さびしい","3","寂寞的；空虛的","7","07-9","イ形容詞","-","-","-","","","","","","","","",""
"病気","びょうき","0","疾病；生病","7","07-9","名詞","-","-","-","","","","","","","","",""
"それはよかったですね","-","-","那真是太好了","7","07-c","句子","-","-","-","","","","","","","","",""
"～前","～まえ","-","～前","7","07-g","前綴","-","-","-","","","","","","","","",""
"毎月","まいつき","0","每個月","7","07-g","名詞","-","-","-","","","","","","","","",""
"奨学金","しょうがくきん","0","獎學金","7","07-g","名詞","-","-","-","","","","","","","","",""
"友達になります","ともだちになります","-","成為朋友；當朋友","7","07-g","詞組","-","-","-","","","","","","","","",""
"戦争","せんそう","0","戰爭","7","07-g","名詞","-","-","-","","","","","","","","",""
"わかります","-","4","懂；會；知道","8","08-1","動詞","1","わかる","2","","","","","","","","",""
"待ちます","まちます","3","等","8","08-1","動詞","1","待つ","1","","","","","","","","",""
"遊びます","あそびます","4","玩","8","08-1","動詞","1","遊ぶ","0","","","","","","","","",""
"死にます","しにます","3","死","8","08-1","動詞","1","死ぬ","0","","","","","","","","",""
"大学院","だいがくいん","4","研究所","8","08-1","名詞","-","-","-","","","","","","","","",""
"決めます","きめます","3","決定","8","08-1","動詞","2","決める","0","","","","","","","","",""
"まだ","-","1","還(未)；尚(未)","8","08-1","副詞","-","-","-","","","","","","","","",""
"登ります","のぼります","4","爬；攀爬","8","08-1","動詞","1","登る","0","","","","","","","","",""
"なります","-","3","變；成為；當","8","08-1","動詞","1","なる","1","","","","","","","","",""
"DVD","ディーブイディー","5","DVD","8","08-1","名詞","-","-","-","","","","","","","","",""
"漫画","まんが","0","漫畫","8","08-1","名詞","-","-","-","","","","","","","","",""
"大変","たいへん","0","辛苦的；嚴重的；糟糕的","8","08-1","ナ形容詞","-","-","-","","","","","","","","",""
"雨","あめ","1","雨","8","08-1","名詞","-","-","-","","","","","","","","",""
"外国語","がいこくご","0","外文","8","08-2","名詞","-","-","-","","","","","","","","",""
"会","かい","1","聚會；集會","8","08-2","名詞","-","-","-","","","","","","","","",""
"コート","-","1","球場","8","08-2","名詞","-","-","-","","","","","","","","",""
"有名","ゆうめい","0","有名的","8","08-2","ナ形容詞","-","-","-","","","","","","","","",""
"オリンピック","-","4","奧林匹克運動會","8","08-2","名詞","-","-","-","","","","","","","","",""
"フリーマーケット","-","4","跳蚤市場","8","08-2","名詞","-","-","-","","","","","","","","",""
"棚","たな","0","架子；櫃子","8","08-2","名詞","-","-","-","","","","","","","","",""
"講義","こうぎ","1","講座；講解；課","8","08-2","名詞","-","-","-","","","","","","","","",""
"神社","じんじゃ","1","神社","8","08-2","名詞","-","-","-","","","","","","","","",""
"祭り","まつり","0","祭典；慶典","8","08-2","名詞","-","-","-","","","","","","","","",""
"今度の","こんどの","1","這次的；下次的","8","08-3","詞組","-","-","-","","","","","","","","",""
"ちょっと","-","1","有點(不便)(表婉拒)","8","08-3","句子","-","-","-","","","","","","","","",""
"東京タワー","とうきょうたわー","5","東京鐵塔","8","08-3","名詞","-","-","-","","","","","","","","",""
"秋葉原","あきはばら","3","秋葉原(地名)","8","08-3","名詞","-","-","-","","","","","","","","",""
"東京ドーム","とうきょうどーむ","5","東京巨蛋","8","08-3","名詞","-","-","-","","","","","","","","",""
"ディズニーランド","-","5","迪士尼樂園","8","08-3","名詞","-","-","-","","","","","","","","",""
"成田空港","なりたくうこう","4","成田機場","8","08-3","名詞","-","-","-","","","","","","","","",""
"両国","りょうごく","0","兩國(地名)","8","08-3","名詞","-","-","-","","","","","","","","",""
"舞浜","まいはま","0","舞濱(地名)","8","08-3","名詞","-","-","-","","","","","","","","",""
"皇居","こうきょ","1","皇居","8","08-3","名詞","-","-","-","","","","","","","","",""
"新橋","しんばし","1","新橋(地名)","8","08-3","名詞","-","-","-","","","","","","","","",""
"浜松町","はままつちょう","4","濱松町(地名)","8","08-3","名詞","-","-","-","","","","","","","","",""
"羽田空港","はねだくうこう","4","羽田機場","8","08-3","名詞","-","-","-","","","","","","","","",""
"六本木","ろっぽんぎ","0","六本木(地名)","8","08-3","名詞","-","-","-","","","","","","","","",""
"品川","しながわ","0","品川(地名)","8","08-3","名詞","-","-","-","","","","","","","","",""
"渋谷","しぶや","0","澀谷(地名)","8","08-3","名詞","-","-","-","","","","","","","","",""
"明治神宮","めいじじんぐう","4","明治神宮","8","08-3","名詞","-","-","-","","","","","","","","",""
"池袋","いけぶくろ","3","池袋(地名)","8","08-3","名詞","-","-","-","","","","","","","","",""
"原宿","はらじゅく","0","原宿(地名)","8","08-3","名詞","-","-","-","","","","","","","","",""
"奈良","なら","1","奈良(地名)","8","08-4","名詞","-","-","-","","","","","","","","",""
"中国語","ちゅうごくご","0","中文","8","08-4","名詞","-","-","-","","","","","","","","",""
"弾きます","ひきます","3","彈奏","8","08-4","動詞","1","弾く","0","","","","","","","","",""
"ピアノ","-","0","鋼琴","8","08-4","名詞","-","-","-","","","","","","","","",""
"ギター","-","1","吉他","8","08-4","名詞","-","-","-","","","","","","","","",""
"メロン","-","1","哈密瓜","8","08-4","名詞","-","-","-","","","","","","","","",""
"スイカ","-","0","西瓜","8","08-4","名詞","-","-","-","","","","","","","","",""
"地震","じしん","0","地震","8","08-5","名詞","-","-","-","","","","","","","","",""
"東北","とうほく","0","東北(地區)","8","08-5","名詞","-","-","-","","","","","","","","",""
"自動販売機","じどうはんばいき","6","自動販賣機","8","08-5","名詞","-","-","-","","","","","","","","",""
"それは大変ですね","それはたいへんですね","-","那真是辛苦呢","8","08-6","句子","-","-","-","","","","","","","","",""
"試験勉強","しけんべんきょう","4","應試讀書","8","08-6","名詞","-","-","-","","","","","","","","",""
"春休み","はるやすみ","3","春假","8","08-6","名詞","-","-","-","","","","","","","","",""
"多い","おおい","1","多的","8","08-6","イ形容詞","-","-","-","","","","","","","","",""
"少ない","すくない","3","少的","8","08-6","イ形容詞","-","-","-","","","","","","","","",""
"お辞儀","おじぎ","0","鞠躬；行禮","8","08-6","名詞","-","-","-","","","","","","","","",""
"握手します","あくしゅします","5","握手","8","08-6","動詞","3","握手する","1","","","","","","","","",""
"いいですね","-","1","(聽起來)真不錯","8","08-c","句子","-","-","-","","","","","","","","",""
"ところ","-","3","地方","8","08-c","名詞","-","-","-","","","","","","","","",""
"雪","ゆき","2","雪","8","08-c","名詞","-","-","-","","","","","","","","",""
"スキー場","すきーじょう","0","滑雪場","8","08-c","名詞","-","-","-","","","","","","","","",""
"へえ","-","0","哦(表當下理解的驚嘆)","8","08-c","感嘆詞","-","-","-","","","","","","","","",""
"上手","じょうず","3","拿手的；熟練的；擅長的","8","08-c","ナ形容詞","-","-","-","","","","","","","","",""
"答えます","こたえます","4","回答；應答","8","08-g","動詞","2","答える","3","","","","","","","","",""
"始めます","はじめます","4","開始","8","08-g","動詞","2","始める","0","","","","","","","","",""
"大使館","たいしかん","3","大使館","8","08-g","名詞","-","-","-","","","","","","","","",""
"ベトナム語","べとなむご","0","越南文","8","08-g","名詞","-","-","-","","","","","","","","",""
"座る","すわる","0","坐","9","09-1","動詞","1","-","-","","","","","","","","",""
"立つ","たつ","1","站","9","09-1","動詞","1","-","-","","","","","","","","",""
"質問する","しつもんする","0","詢問；提問","9","09-1","動詞","3","-","-","","","","","","","","",""
"グラフ","-","1","圖表","9","09-1","名詞","-","-","-","","","","","","","","",""
"いいですよ","-","1","可以啊(表允許)","9","09-1","句子","-","-","-","","","","","","","","",""
"手伝う","てつだう","3","幫忙；協助","9","09-1","動詞","1","-","-","","","","","","","","",""
"意味","いみ","1","意思","9","09-1","名詞","-","-","-","","","","","","","","",""
"地図","ちず","1","地圖","9","09-1","名詞","-","-","-","","","","","","","","",""
"持つ","もつ","1","拿；帶；持有","9","09-1","動詞","1","-","-","","","","","","","","",""
"塩","しお","2","鹽","9","09-1","名詞","-","-","-","","","","","","","","",""
"取る","とる","1","拿取；取得；拿下；偷取","9","09-1","動詞","1","-","-","","","","","","","","",""
"ドア","-","1","門","9","09-1","名詞","-","-","-","","","","","","","","",""
"開ける","あける","0","打開(門、窗)","9","09-1","動詞","2","-","-","","","","","","","","",""
"置く","おく","0","放；放置","9","09-1","動詞","1","-","-","","","","","","","","",""
"住所","じゅうしょ","1","地址","9","09-1","名詞","-","-","-","","","","","","","","",""
"会話","かいわ","0","對話；談話","9","09-1","名詞","-","-","-","","","","","","","","",""
"～方","～かた","-","～的方法","9","09-2","後綴","-","-","-","","","","","","","","",""
"切符","きっぷ","0","票；車票","9","09-2","名詞","-","-","-","","","","","","","","",""
"箸","はし","1","筷子","9","09-2","名詞","-","-","-","","","","","","","","",""
"発音する","はつおんする","0","發音","9","09-2","動詞","3","-","-","","","","","","","","",""
"コピーする","-","1","複印；複製","9","09-2","動詞","3","-","-","","","","","","","","",""
"コピーを取る","こぴーをとる","-","複印；影印","9","09-2","詞組","-","-","-","","","","","","","","",""
"休む","やすむ","2","休息；缺席；請假","9","09-3","動詞","1","-","-","","","","","","","","",""
"呼ぶ","よぶ","0","叫；稱","9","09-3","動詞","1","-","-","","","","","","","","",""
"使う","つかう","0","使用","9","09-3","動詞","1","-","-","","","","","","","","",""
"忘れる","わすれる","0","忘記","9","09-3","動詞","2","-","-","","","","","","","","",""
"遅れる","おくれる","0","遲到","9","09-3","動詞","2","-","-","","","","","","","","",""
"心配する","しんぱいする","0","擔心","9","09-3","動詞","3","-","-","","","","","","","","",""
"みんな","-","3","大家","9","09-3","名詞","-","-","-","","","","","","","","",""
"言う","いう","0","說；講","9","09-3","動詞","1","-","-","","","","","","","","",""
"だから","-","1","所以；因此","9","09-4","連接詞","-","-","-","","","","","","","","",""
"持って来る","もってくる","-","帶來；拿來","9","09-4","詞組","-","-","-","","","","","","","","",""
"たばこ","-","0","香菸","9","09-4","名詞","-","-","-","","","","","","","","",""
"吸う","すう","0","吸；抽(菸)","9","09-4","動詞","1","-","-","","","","","","","","",""
"返す","かえす","1","歸還","9","09-5","動詞","1","-","-","","","","","","","","",""
"迎える","むかえる","0","迎接","9","09-5","動詞","2","-","-","","","","","","","","",""
"文学","ぶんがく","1","文學","9","09-5","名詞","-","-","-","","","","","","","","",""
"研究する","けんきゅうする","0","研究；鑽研","9","09-5","動詞","3","-","-","","","","","","","","",""
"イギリス","-","0","英國","9","09-5","名詞","-","-","-","","","","","","","","",""
"日光","にっこう","1","日光(地名)","9","09-5","名詞","-","-","-","","","","","","","","",""
"大丈夫","だいじょうぶ","3","沒問題的","9","09-5","ナ形容詞","-","-","-","","","","","","","","",""
"よかった","-","1","那就好；太好了","9","09-5","句子","-","-","-","","","","","","","","",""
"調べる","しらべる","3","調查；查詢","9","09-5","動詞","2","-","-","","","","","","","","",""
"東照宮","とうしょうぐう","3","東照宮","9","09-5","名詞","-","-","-","","","","","","","","",""
"たこ焼き","たこやき","0","章魚燒","9","09-5","名詞","-","-","-","","","","","","","","",""
"時計台","とけいだい","2","鐘樓","9","09-5","名詞","-","-","-","","","","","","","","",""
"試験をする","しけんをする","-","進行考試","9","09-c","詞組","-","-","-","","","","","","","","",""
"大切","たいせつ","0","重要的","9","09-c","ナ形容詞","-","-","-","","","","","","","","",""
"覚える","おぼえる","3","記下；記得","9","09-c","動詞","2","-","-","","","","","","","","",""
"頑張る","がんばる","3","努力；加油","9","09-c","動詞","1","-","-","","","","","","","","",""
"遅く","おそく","0","很晚(的時間)","9","09-g","名詞","-","-","-","","","","","","","","",""
"眠い","ねむい","0","想睡的","9","09-g","イ形容詞","-","-","-","","","","","","","","",""
"顔","かお","0","臉","10","10-1","名詞","-","-","-","","","","","","","","",""
"洗う","あらう","0","洗","10","10-1","動詞","1","-","-","","","","","","","","",""
"歯","は","1","牙齒","10","10-1","名詞","-","-","-","","","","","","","","",""
"磨く","みがく","0","刷(牙)；磨","10","10-1","動詞","1","-","-","","","","","","","","",""
"シャワー","-","1","淋浴","10","10-1","名詞","-","-","-","","","","","","","","",""
"浴びる","あびる","0","淋；沐","10","10-1","動詞","2","-","-","","","","","","","","",""
"入る","はいる","1","進入；加入；參與","10","10-1","動詞","1","-","-","","","","","","","","",""
"出る","でる","1","出去；出來","10","10-1","動詞","2","-","-","","","","","","","","",""
"乗る","のる","0","搭乘","10","10-1","動詞","1","-","-","","","","","","","","",""
"降りる","おりる","2","下(車)","10","10-1","動詞","2","-","-","","","","","","","","",""
"着く","つく","1","到；抵達","10","10-1","動詞","1","-","-","","","","","","","","",""
"ホテル","-","1","飯店","10","10-1","名詞","-","-","-","","","","","","","","",""
"乗り換える","のりかえる","4","轉乘","10","10-1","動詞","2","-","-","","","","","","","","",""
"下りる","おりる","2","下(樓梯)","10","10-1","動詞","2","-","-","","","","","","","","",""
"階段","かいだん","0","樓梯","10","10-1","名詞","-","-","-","","","","","","","","",""
"論文","ろんぶん","0","論文","10","10-1","名詞","-","-","-","","","","","","","","",""
"どうやって","-","-","該怎麼","10","10-1","詞組","-","-","-","","","","","","","","",""
"横浜","よこはま","0","橫濱(地名)","10","10-1","名詞","-","-","-","","","","","","","","",""
"JR","ジェイアール","3","JR；日本鐵路公司","10","10-1","名詞","-","-","-","","","","","","","","",""
"行きたいんですが","いきたいんですが","-","我想去(後多接疑問、請求)","10","10-1","句子","-","-","-","","","","","","","","",""
"お台場","おだいば","0","御台場(地名)","10","10-1","名詞","-","-","-","","","","","","","","",""
"服","ふく","2","衣服","10","10-3","名詞","-","-","-","","","","","","","","",""
"成績","せいせき","0","成績","10","10-3","名詞","-","-","-","","","","","","","","",""
"どうなりましたか","-","-","變得怎麼樣了呢","10","10-3","句子","-","-","-","","","","","","","","",""
"昔","むかし","0","從前；很久以前","10","10-3","名詞","-","-","-","","","","","","","","",""
"降る","ふる","1","下(雨、雪)","10","10-4","動詞","1","-","-","","","","","","","","",""
"止む","やむ","0","(雨、風)停止","10","10-4","動詞","1","-","-","","","","","","","","",""
"空","そら","1","天空","10","10-4","名詞","-","-","-","","","","","","","","",""
"台風","たいふう","3","颱風","10","10-4","名詞","-","-","-","","","","","","","","",""
"風","かぜ","0","風","10","10-4","名詞","-","-","-","","","","","","","","",""
"吹く","ふく","1","吹；刮(風)","10","10-4","動詞","1","-","-","","","","","","","","",""
"雪だるま","ゆきだるま","3","雪人","10","10-4","名詞","-","-","-","","","","","","","","",""
"見学する","けんがくする","0","參訪；參觀學習","10","10-5","動詞","3","-","-","","","","","","","","",""
"集める","あつめる","3","收集；集合","10","10-7","動詞","2","-","-","","","","","","","","",""
"～字","～じ","1","～字","10","10-7","量詞","-","-","-","","","","","","","","",""
"全部","ぜんぶ","1","全部","10","10-7","副詞","-","-","-","","","","","","","","",""
"半分","はんぶん","3","一半","10","10-7","副詞","-","-","-","","","","","","","","",""
"スケジュール","-","3","行事曆；行程表","10","10-c","名詞","-","-","-","","","","","","","","",""
"見物する","けんぶつする","0","參觀；賞","10","10-c","動詞","3","-","-","","","","","","","","",""
"とうふ","-","3","豆腐","10","10-c","名詞","-","-","-","","","","","","","","",""
"泊まる","とまる","0","住(宿)","10","10-c","動詞","1","-","-","","","","","","","","",""
"旅館","りょかん","0","(日式傳統)旅館","10","10-c","名詞","-","-","-","","","","","","","","",""
"早く","はやく","1","早","10","10-c","副詞","-","-","-","","","","","","","","",""
"その前に","そのまえに","3","在那之前","10","10-g","詞組","-","-","-","","","","","","","","",""
"銀座","ぎんざ","0","銀座(地名)","10","10-g","名詞","-","-","-","","","","","","","","",""
"もっと","-","1","更；更加；再","10","10-g","副詞","-","-","-","","","","","","","","",""
"いつも","-","1","總是；通常","10","10-g","副詞","-","-","-","","","","","","","","",""
"手","て","1","手","10","10-g","名詞","-","-","-","","","","","","","","",""
"入れる","いれる","0","放進；放入","11","11-0","動詞","2","-","-","","","","","","","","",""
"かける","-","0","掛；掛上","11","11-0","動詞","2","-","-","","","","","","","","",""
"のせる","-","0","放；放上；盛上","11","11-0","動詞","2","-","-","","","","","","","","",""
"壁","かべ","0","牆壁","11","11-0","名詞","-","-","-","","","","","","","","",""
"砂糖","さとう","2","糖；砂糖","11","11-0","名詞","-","-","-","","","","","","","","",""
"シャツ","-","1","襯衫","11","11-0","名詞","-","-","-","","","","","","","","",""
"ミルク","-","1","(非鮮乳)牛奶","11","11-0","名詞","-","-","-","","","","","","","","",""
"袋","ふくろ","3","袋子","11","11-0","名詞","-","-","-","","","","","","","","",""
"書類","しょるい","0","文件；資料","11","11-0","名詞","-","-","-","","","","","","","","",""
"ゆで卵","ゆでたまご","3","水煮蛋","11","11-0","名詞","-","-","-","","","","","","","","",""
"鍋","なべ","1","鍋子；火鍋","11","11-0","名詞","-","-","-","","","","","","","","",""
"ゆでる","-","2","水煮；川燙","11","11-0","動詞","2","-","-","","","","","","","","",""
"住む","すむ","1","居住","11","11-1","動詞","1","-","-","","","","","","","","",""
"知る","しる","0","知道；認識","11","11-1","動詞","1","-","-","","","","","","","","",""
"番号","ばんごう","3","號碼；編號","11","11-1","名詞","-","-","-","","","","","","","","",""
"スター","-","2","明星","11","11-1","名詞","-","-","-","","","","","","","","",""
"働く","はたらく","0","工作；勞動","11","11-1","動詞","1","-","-","","","","","","","","",""
"小学校","しょうがっこう","3","小學","11","11-1","名詞","-","-","-","","","","","","","","",""
"～年生","～ねんせい","-","～年級","11","11-1","後綴","-","-","-","","","","","","","","",""
"経済学","けいざいがく","3","經濟學","11","11-1","名詞","-","-","-","","","","","","","","",""
"もう","-","1","已經","11","11-2","副詞","-","-","-","","","","","","","","",""
"払う","はらう","2","支付","11","11-2","動詞","1","-","-","","","","","","","","",""
"正しい","ただしい","3","正確的；對的","11","11-3","イ形容詞","-","-","-","","","","","","","","",""
"答え","こたえ","2","回答；答案","11","11-3","名詞","-","-","-","","","","","","","","",""
"思い出す","おもいだす","4","想起；記起","11","11-3","動詞","1","-","-","","","","","","","","",""
"チェックする","-","1","確認；檢查；核對","11","11-3","動詞","3","-","-","","","","","","","","",""
"録音する","ろくおんする","0","錄音","11","11-3","動詞","3","-","-","","","","","","","","",""
"もう一度","もういちど","0","再一次","11","11-3","詞組","-","-","-","","","","","","","","",""
"おはようございます","-","-","早安","11","11-4","句子","-","-","-","","","","","","","","",""
"こんにちは","-","5","午安；日安；嗨","11","11-4","句子","-","-","-","","","","","","","","",""
"こんばんは","-","5","晚上好；嗨","11","11-4","句子","-","-","-","","","","","","","","",""
"さようなら","-","5","再會；再見","11","11-4","句子","-","-","-","","","","","","","","",""
"留学生","りゅうがくせい","3","留學生","11","11-4","名詞","-","-","-","","","","","","","","",""
"サークル","-","0","(大學)社團","11","11-4","名詞","-","-","-","","","","","","","","",""
"書道部","しょどうぶ","2","書法社","11","11-4","名詞","-","-","-","","","","","","","","",""
"もちろん","-","2","當然","11","11-4","副詞","-","-","-","","","","","","","","",""
"ほか","-","0","其他","11","11-4","名詞","-","-","-","","","","","","","","",""
"～たち","-","-","～們；～等人","11","11-4","後綴","-","-","-","","","","","","","","",""
"ビザ","-","1","簽證","11","11-5","名詞","-","-","-","","","","","","","","",""
"ノックする","-","1","敲(門)","11","11-5","動詞","3","-","-","","","","","","","","",""
"連絡する","れんらくする","0","聯絡；聯繫","11","11-5","動詞","3","-","-","","","","","","","","",""
"初めて","はじめて","2","第一次","11","11-5","副詞","-","-","-","","","","","","","","",""
"いただきます","-","2","我開動了","11","11-5","句子","-","-","-","","","","","","","","",""
"ごちそうさまでした","-","7","謝謝款待","11","11-5","句子","-","-","-","","","","","","","","",""
"おやすみなさい","-","6","晚安","11","11-5","句子","-","-","-","","","","","","","","",""
"ただいま","-","4","我回來了","11","11-5","句子","-","-","-","","","","","","","","",""
"思う","おもう","2","想；認為；覺得","11","11-6","動詞","1","-","-","","","","","","","","",""
"～について","-","-","關於～","11","11-6","詞組","-","-","-","","","","","","","","",""
"こと","-","2","事；事情","11","11-7","名詞","-","-","-","","","","","","","","",""
"ジョギングする","-","0","慢跑","11","11-7","動詞","3","-","-","","","","","","","","",""
"洗濯する","せんたくする","0","洗衣服","11","11-7","動詞","3","-","-","","","","","","","","",""
"掃除する","そうじする","0","打掃","11","11-7","動詞","3","-","-","","","","","","","","",""
"開く","あく","0","(門、窗)開","11","11-7","動詞","1","-","-","","","","","","","","",""
"閉まる","しまる","2","(門、窗)關","11","11-7","動詞","1","-","-","","","","","","","","",""
"赤ちゃん","あかちゃん","1","小嬰兒","11","11-7","名詞","-","-","-","","","","","","","","",""
"泣く","なく","0","哭","11","11-7","動詞","1","-","-","","","","","","","","",""
"笑う","わらう","0","笑","11","11-7","動詞","1","-","-","","","","","","","","",""
"焼きそば","やきそば","0","(日式)炒麵","11","11-c","名詞","-","-","-","","","","","","","","",""
"わかりました","-","4","我知道了","11","11-c","句子","-","-","-","","","","","","","","",""
"楽しみにしています","たのしみにしています","-","我很期待","11","11-c","句子","-","-","-","","","","","","","","",""
"いろいろ","-","0","各式各樣的","11","11-c","ナ形容詞","-","-","-","","","","","","","","",""
"もの","-","2","東西","11","11-c","名詞","-","-","-","","","","","","","","",""
"売る","うる","0","賣；販賣","11","11-c","動詞","1","-","-","","","","","","","","",""
"もうすぐ","-","3","馬上；即將","11","11-c","副詞","-","-","-","","","","","","","","",""
"お神輿","おみこし","2","神轎","11","11-c","名詞","-","-","-","","","","","","","","",""
"今度","こんど","1","這次；下次","11","11-c","副詞","-","-","-","","","","","","","","",""
"薬","くすり","0","藥","11","11-g","名詞","-","-","-","","","","","","","","",""
"渡す","わたす","0","遞；交付","11","11-g","動詞","1","-","-","","","","","","","","",""
"着る","きる","0","穿(上身衣物)","12","12-1","動詞","2","-","-","","","","","","","","",""
"脱ぐ","ぬぐ","1","脫","12","12-1","動詞","1","-","-","","","","","","","","",""
"スーツ","-","1","西裝；套裝","12","12-1","名詞","-","-","-","","","","","","","","",""
"上着","うわぎ","0","上衣；外衣","12","12-1","名詞","-","-","-","","","","","","","","",""
"セーター","-","1","毛衣","12","12-1","名詞","-","-","-","","","","","","","","",""
"ズボン","-","1","長褲","12","12-1","名詞","-","-","-","","","","","","","","",""
"スカート","-","2","裙子","12","12-1","名詞","-","-","-","","","","","","","","",""
"靴下","くつした","2","襪子","12","12-1","名詞","-","-","-","","","","","","","","",""
"靴","くつ","2","鞋子","12","12-1","名詞","-","-","-","","","","","","","","",""
"はく","-","0","穿(下身衣物、鞋、襪)","12","12-1","動詞","1","-","-","","","","","","","","",""
"かぶる","-","2","戴(帽子)","12","12-1","動詞","1","-","-","","","","","","","","",""
"メガネ","-","1","眼鏡","12","12-1","名詞","-","-","-","","","","","","","","",""
"メガネをかける","-","-","戴眼鏡","12","12-1","詞組","-","-","-","","","","","","","","",""
"ネクタイ","-","1","領帶","12","12-1","名詞","-","-","-","","","","","","","","",""
"ネクタイをする","-","-","繫領帶","12","12-1","詞組","-","-","-","","","","","","","","",""
"アクセサリー","-","3","飾品","12","12-1","名詞","-","-","-","","","","","","","","",""
"着物","きもの","0","和服","12","12-1","名詞","-","-","-","","","","","","","","",""
"色","いろ","2","顏色","12","12-1","名詞","-","-","-","","","","","","","","",""
"何色","なにいろ","0","什麼顏色","12","12-1","代名詞","-","-","-","","","","","","","","",""
"グレー","-","2","灰色","12","12-1","名詞","-","-","-","","","","","","","","",""
"茶色","ちゃいろ","0","棕色；咖啡色","12","12-1","名詞","-","-","-","","","","","","","","",""
"ピンク","-","1","粉紅色","12","12-1","名詞","-","-","-","","","","","","","","",""
"緑","みどり","1","綠色","12","12-1","名詞","-","-","-","","","","","","","","",""
"金","きん","1","金色","12","12-1","名詞","-","-","-","","","","","","","","",""
"ネックレス","-","1","項鍊","12","12-1","名詞","-","-","-","","","","","","","","",""
"イヤリング","-","1","耳夾","12","12-1","名詞","-","-","-","","","","","","","","",""
"どうして","-","1","為什麼","12","12-2","副詞","-","-","-","","","","","","","","",""
"なぜ","-","1","為什麼","12","12-2","副詞","-","-","-","","","","","","","","",""
"カラオケ","-","0","卡拉OK；KTV","12","12-2","名詞","-","-","-","","","","","","","","",""
"下手","へた","2","笨拙的；爛的；不擅長的","12","12-2","ナ形容詞","-","-","-","","","","","","","","",""
"急ぐ","いそぐ","2","急忙；加快","12","12-2","動詞","1","-","-","","","","","","","","",""
"国際関係","こくさいかんけい","5","國際關係","12","12-2","名詞","-","-","-","","","","","","","","",""
"頑張ってください","がんばってください","-","請加油；加油哦","12","12-2","句子","-","-","-","","","","","","","","",""
"バラ","-","0","玫瑰","12","12-4","名詞","-","-","-","","","","","","","","",""
"梨","なし","2","梨子","12","12-4","名詞","-","-","-","","","","","","","","",""
"植物","しょくぶつ","2","植物","12","12-4","名詞","-","-","-","","","","","","","","",""
"竹","たけ","0","竹子","12","12-4","名詞","-","-","-","","","","","","","","",""
"梅","うめ","0","梅花；梅子","12","12-4","名詞","-","-","-","","","","","","","","",""
"羊羹","ようかん","1","羊羹","12","12-4","名詞","-","-","-","","","","","","","","",""
"かまぼこ","-","0","魚板","12","12-4","名詞","-","-","-","","","","","","","","",""
"楽器","がっき","0","樂器","12","12-4","名詞","-","-","-","","","","","","","","",""
"三味線","しゃみせん","0","三味線","12","12-4","名詞","-","-","-","","","","","","","","",""
"まぐろ","-","0","鮪魚","12","12-4","名詞","-","-","-","","","","","","","","",""
"だんご","-","0","糰子","12","12-4","名詞","-","-","-","","","","","","","","",""
"フエ","-","1","順化(越南地名)","12","12-4","名詞","-","-","-","","","","","","","","",""
"どうぞよろしくお願いします","どうぞよろしくおねがいします","-","請多指教","12","12-4","句子","-","-","-","","","","","","","","",""
"コート","-","1","大衣；風衣","12","12-5","名詞","-","-","-","","","","","","","","",""
"いつか","-","1","總有一天","12","12-5","副詞","-","-","-","","","","","","","","",""
"世界","せかい","1","世界","12","12-5","名詞","-","-","-","","","","","","","","",""
"世界旅行","せかいりょこう","4","環遊世界；環球旅行","12","12-5","名詞","-","-","-","","","","","","","","",""
"神様","かみさま","1","神明","12","12-5","名詞","-","-","-","","","","","","","","",""
"踊り","おどり","0","(傳統)舞蹈","12","12-5","名詞","-","-","-","","","","","","","","",""
"浴衣","ゆかた","0","浴衣","12","12-5","名詞","-","-","-","","","","","","","","",""
"盆踊り","ぼんおどり","3","盂蘭盆舞","12","12-5","名詞","-","-","-","","","","","","","","",""
"踊る","おどる","0","跳舞；舞動","12","12-5","動詞","1","-","-","","","","","","","","",""
"農業","のうぎょう","1","農業","12","12-5","名詞","-","-","-","","","","","","","","",""
"関係","かんけい","0","關係","12","12-5","名詞","-","-","-","","","","","","","","",""
"米","こめ","2","米；稻米；米飯","12","12-5","名詞","-","-","-","","","","","","","","",""
"米ができる","こめができる","-","稻米豐收","12","12-5","詞組","-","-","-","","","","","","","","",""
"喜ぶ","よろこぶ","3","開心；喜悅","12","12-5","動詞","1","-","-","","","","","","","","",""
"周り","まわり","0","周圍","12","12-5","名詞","-","-","-","","","","","","","","",""
"提灯","ちょうちん","3","燈籠","12","12-5","名詞","-","-","-","","","","","","","","",""
"ランプ","-","1","燈；檯燈；立燈","12","12-5","名詞","-","-","-","","","","","","","","",""
"屋台","やたい","1","攤販","12","12-5","名詞","-","-","-","","","","","","","","",""
"並ぶ","ならぶ","0","排隊；排列","12","12-5","動詞","1","-","-","","","","","","","","",""
"ゲーム","-","1","遊戲","12","12-5","名詞","-","-","-","","","","","","","","",""
"おせち料理","おせちりょうり","4","年菜","12","12-5","名詞","-","-","-","","","","","","","","",""
"お正月","おしょうがつ","5","新年","12","12-5","名詞","-","-","-","","","","","","","","",""
"特別","とくべつ","0","特別的","12","12-5","ナ形容詞","-","-","-","","","","","","","","",""
"ようこそ","-","1","歡迎來到","12","12-c","感嘆詞","-","-","-","","","","","","","","",""
"お世話になります","おせわになります","-","麻煩您照顧了","12","12-c","句子","-","-","-","","","","","","","","",""
"はっぴ","-","0","法被(傳統日式薄外衣)","12","12-c","名詞","-","-","-","","","","","","","","",""
"ホームステイ","-","5","寄宿家庭","12","12-c","名詞","-","-","-","","","","","","","","",""
"珍しい","めずらしい","4","稀有的；珍稀的；少見的","12","12-g","イ形容詞","-","-","-","","","","","","","","",""
"オジギソウ","-","3","含羞草","12","12-g","名詞","-","-","-","","","","","","","","",""
"府中市","ふちゅうし","2","府中市(地名)","12","12-g","名詞","-","-","-","","","","","","","","",""
"","","","","","","","","","","","","","","","","","",""
"","","","","","","","","","","","","","","","","","",""
"","","","","","","","","","","","","","","","","","",""
"","","","","","","","","","","","","","","","","","",""
"","","","","","","","","","","","","","","","","","",""
"","","","","","","","","","","","","","","","","","",""
"","","","","","","","","","","","","","","","","","",""
"","","","","","","","","","","","","","","","","","",""
"","","","","","","","","","","","","","","","","","",""
"","","","","","","","","","","","","","","","","","",""
"","","","","","","","","","","","","","","","","","",""
"","","","","","","","","","","","","","","","","","",""
"","","","","","","","","","","","","","","","","","",""
"","","","","","","","","","","","","","","","","","",""
"","","","","","","","","","","","","","","","","","",""
"","","","","","","","","","","","","","","","","","",""
"","","","","","","","","","","","","","","","","","",""
"","","","","","","","","","","","","","","","","","",""
"","","","","","","","","","","","","","","","","","",""
"","","","","","","","","","","","","","","","","","",""
"","","","","","","","","","","","","","","","","","",""
"","","","","","","","","","","","","","","","","","",""
"","","","","","","","","","","","","","","","","","",""
"","","","","","","","","","","","","","","","","","",""
"","","","","","","","","","","","","","","","","","",""
"","","","","","","","","","","","","","","","","","",""
"","","","","","","","","","","","","","","","","","",""
"","","","","","","","","","","","","","","","","","",""
"","","","","","","","","","","","","","","","","","",""
"","","","","","","","","","","","","","","","","","",""
"","","","","","","","","","","","","","","","","","",""
"","","","","","","","","","","","","","","","","","",""
"","","","","","","","","","","","","","","","","","",""
"","","","","","","","","","","","","","","","","","",""
"","","","","","","","","","","","","","","","","","",""
"","","","","","","","","","","","","","","","","","",""
"","","","","","","","","","","","","","","","","","",""
"","","","","","","","","","","","","","","","","","",""
"","","","","","","","","","","","","","","","","","",""
"","","","","","","","","","","","","","","","","","",""
"","","","","","","","","","","","","","","","","","",""
"","","","","","","","","","","","","","","","","","",""
"","","","","","","","","","","","","","","","","","",""
"","","","","","","","","","","","","","","","","","",""
"","","","","","","","","","","","","","","","","","",""
"","","","","","","","","","","","","","","","","","",""
"","","","","","","","","","","","","","","","","","",""
"","","","","","","","","","","","","","","","","","",""
"","","","","","","","","","","","","","","","","","",""
"","","","","","","","","","","","","","","","","","",""
"","","","","","","","","","","","","","","","","","",""
"","","","","","","","","","","","","","","","","","",""
"","","","","","","","","","","","","","","","","","",""
"","","","","","","","","","","","","","","","","","",""
"","","","","","","","","","","","","","","","","","",""
"","","","","","","","","","","","","","","","","","",""
"","","","","","","","","","","","","","","","","","",""
"","","","","","","","","","","","","","","","","","",""
"","","","","","","","","","","","","","","","","","",""
"","","","","","","","","","","","","","","","","","",""
"","","","","","","","","","","","","","","","","","",""
"","","","","","","","","","","","","","","","","","",""
"","","","","","","","","","","","","","","","","","",""
"","","","","","","","","","","","","","","","","","",""
"","","","","","","","","","","","","","","","","","",""
"","","","","","","","","","","","","","","","","","",""
"","","","","","","","","","","","","","","","","","",""
"","","","","","","","","","","","","","","","","","",""
"","","","","","","","","","","","","","","","","","",""
"","","","","","","","","","","","","","","","","","",""
"","","","","","","","","","","","","","","","","","",""
"","","","","","","","","","","","","","","","","","",""
"","","","","","","","","","","","","","","","","","",""
"","","","","","","","","","","","","","","","","","",""
"","","","","","","","","","","","","","","","","","",""
"","","","","","","","","","","","","","","","","","",""
"","","","","","","","","","","","","","","","","","",""
"","","","","","","","","","","","","","","","","","",""
"","","","","","","","","","","","","","","","","","",""
"","","","","","","","","","","","","","","","","","",""
"","","","","","","","","","","","","","","","","","",""
"","","","","","","","","","","","","","","","","","",""
"","","","","","","","","","","","","","","","","","",""
"","","","","","","","","","","","","","","","","","",""
"","","","","","","","","","","","","","","","","","",""
"","","","","","","","","","","","","","","","","","",""
"","","","","","","","","","","","","","","","","","",""
"","","","","","","","","","","","","","","","","","",""
"","","","","","","","","","","","","","","","","","",""
"","","","","","","","","","","","","","","","","","",""
"","","","","","","","","","","","","","","","","","",""
"","","","","","","","","","","","","","","","","","",""
"","","","","","","","","","","","","","","","","","",""
"","","","","","","","","","","","","","","","","","",""
"","","","","","","","","","","","","","","","","","",""
"","","","","","","","","","","","","","","","","","",""
"","","","","","","","","","","","","","","","","","",""
"","","","","","","","","","","","","","","","","","",""
"","","","","","","","","","","","","","","","","","",""
"","","","","","","","","","","","","","","","","","",""
"","","","","","","","","","","","","","","","","","",""
"","","","","","","","","","","","","","","","","","",""
"","","","","","","","","","","","","","","","","","",""
"","","","","","","","","","","","","","","","","","",""
"","","","","","","","","","","","","","","","","","",""
"","","","","","","","","","","","","","","","","","",""
"","","","","","","","","","","","","","","","","","",""
"","","","","","","","","","","","","","","","","","",""
"","","","","","","","","","","","","","","","","","",""
"","","","","","","","","","","","","","","","","","",""