term,reading,pitch_accent,definition,lesson_id,句型,詞性,"動詞
分類","動詞
辭書形","辭書形
重音",,,,,,,,,
例,れい,1,例子,1,01-1,名詞,-,-,-,,,,,,,,,
～さん,-,-,～先生；小姐(敬稱),1,01-1,後綴,-,-,-,,,,,,,,,
ベトナム,-,0,越南,1,01-1,名詞,-,-,-,,,,,,,,,
学生,がくせい,0,學生,1,01-1,名詞,-,-,-,,,,,,,,,
インドネシア,-,4,印尼,1,01-1,名詞,-,-,-,,,,,,,,,
中国,ちゅうごく,1,中國,1,01-1,名詞,-,-,-,,,,,,,,,
アメリカ,-,0,美國,1,01-1,名詞,-,-,-,,,,,,,,,
韓国,かんこく,1,韓國,1,01-1,名詞,-,-,-,,,,,,,,,
オーストラリア,-,5,澳洲,1,01-1,名詞,-,-,-,,,,,,,,,
ブラジル,-,0,巴西,1,01-1,名詞,-,-,-,,,,,,,,,
タンザニア,-,0,坦尚尼亞,1,01-1,名詞,-,-,-,,,,,,,,,
はい,-,1,對；好；是,1,01-1,感嘆詞,-,-,-,,,,,,,,,
そうです,-,1,就是那樣,1,01-1,句子,-,-,-,,,,,,,,,
いいえ,-,0,不對；不是,1,01-1,感嘆詞,-,-,-,,,,,,,,,
タイ,-,1,泰國,1,01-1,名詞,-,-,-,,,,,,,,,
クラス,-,1,班級,1,01-2,名詞,-,-,-,,,,,,,,,
はじめまして,-,4,初次見面,1,01-2,句子,-,-,-,,,,,,,,,
どうぞよろしく,-,-,請多指教,1,01-2,句子,-,-,-,,,,,,,,,
これ,-,0,這個,1,01-3,代名詞,-,-,-,,,,,,,,,
それ,-,0,(你)那個,1,01-3,代名詞,-,-,-,,,,,,,,,
あれ,-,0,那個,1,01-3,代名詞,-,-,-,,,,,,,,,
本,ほん,1,書,1,01-3,名詞,-,-,-,,,,,,,,,
ノート,-,1,筆記本,1,01-3,名詞,-,-,-,,,,,,,,,
辞書,じしょ,1,字典,1,01-3,名詞,-,-,-,,,,,,,,,
新聞,しんぶん,0,報紙,1,01-3,名詞,-,-,-,,,,,,,,,
雑誌,ざっし,0,雜誌,1,01-3,名詞,-,-,-,,,,,,,,,
鍵,かぎ,2,鑰匙,1,01-3,名詞,-,-,-,,,,,,,,,
傘,かさ,1,傘,1,01-3,名詞,-,-,-,,,,,,,,,
かばん,-,0,包包,1,01-3,名詞,-,-,-,,,,,,,,,
時計,とけい,0,時鐘；錶,1,01-3,名詞,-,-,-,,,,,,,,,
消しゴム,けしごむ,0,橡皮擦,1,01-3,名詞,-,-,-,,,,,,,,,
ボールペン,-,0,原子筆,1,01-3,名詞,-,-,-,,,,,,,,,
テレビ,-,1,電視,1,01-3,名詞,-,-,-,,,,,,,,,
コンピュータ,-,3,電腦,1,01-3,名詞,-,-,-,,,,,,,,,
車,くるま,0,汽車,1,01-3,名詞,-,-,-,,,,,,,,,
カメラ,-,1,相機,1,01-3,名詞,-,-,-,,,,,,,,,
英語,えいご,0,英文,1,01-3,名詞,-,-,-,,,,,,,,,
日本語,にほんご,0,日文,1,01-3,名詞,-,-,-,,,,,,,,,
～語,～ご,-,～文,1,01-3,後綴,-,-,-,,,,,,,,,
宿題,しゅくだい,0,作業,1,01-3,名詞,-,-,-,,,,,,,,,
ペン,-,1,筆,1,01-3,名詞,-,-,-,,,,,,,,,
先生,せんせい,3,老師(敬稱),1,01-3,名詞,-,-,-,,,,,,,,,
部屋,へや,2,房間,1,01-3,名詞,-,-,-,,,,,,,,,
男,おとこ,3,男人,1,01-3,名詞,-,-,-,,,,,,,,,
女,おんな,3,女人,1,01-3,名詞,-,-,-,,,,,,,,,
日本,にほん,2,日本,1,01-3,名詞,-,-,-,,,,,,,,,
イタリア,-,0,義大利,1,01-3,名詞,-,-,-,,,,,,,,,
すみません,-,4,不好意思；抱歉,1,01-3,句子,-,-,-,,,,,,,,,
ありがとうございます,-,-,謝謝,1,01-3,句子,-,-,-,,,,,,,,,
ドイツ,-,1,德國,1,01-3,名詞,-,-,-,,,,,,,,,
お菓子,おかし,2,點心,1,01-3,名詞,-,-,-,,,,,,,,,
お～,-,-,(美化語，表客氣、尊敬),1,01-3,前綴,-,-,-,,,,,,,,,
何,なに,1,什麼,1,01-4,名詞,-,-,-,,,,,,,,,
ポスト,-,1,郵筒；信箱,1,01-4,名詞,-,-,-,,,,,,,,,
おにぎり,-,2,飯糰,1,01-4,名詞,-,-,-,,,,,,,,,
お茶,おちゃ,0,茶,1,01-4,名詞,-,-,-,,,,,,,,,
お弁当,おべんとう,0,便當,1,01-4,名詞,-,-,-,,,,,,,,,
この～,-,0,這個～,1,01-5,連體詞,-,-,-,,,,,,,,,
その～,-,0,(你)那個～,1,01-5,連體詞,-,-,-,,,,,,,,,
あの～,-,0,那個～,1,01-5,連體詞,-,-,-,,,,,,,,,
誰,だれ,1,誰,1,01-5,名詞,-,-,-,,,,,,,,,
どなた,-,1,哪一位(禮貌用語),1,01-5,名詞,-,-,-,,,,,,,,,
人,ひと,0,人,1,01-5,名詞,-,-,-,,,,,,,,,
方,かた,2,人(敬稱),1,01-5,名詞,-,-,-,,,,,,,,,
アインシュタイン,-,5,愛因斯坦(人名),1,01-5,名詞,-,-,-,,,,,,,,,
チャップリン,-,1,卓別林(人名),1,01-5,名詞,-,-,-,,,,,,,,,
野口英世,のぐちひでよ,-,野口英世(人名),1,01-5,名詞,-,-,-,,,,,,,,,
クレオパトラ,-,4,克麗奧佩脫拉七世(人名),1,01-5,名詞,-,-,-,,,,,,,,,
どれ,-,1,哪個,1,01-6,代名詞,-,-,-,,,,,,,,,
どの～,-,1,哪個～,1,01-6,連體詞,-,-,-,,,,,,,,,
名前,なまえ,0,名字,1,01-6,名詞,-,-,-,,,,,,,,,
国,くに,0,國家；故鄉；家,1,01-6,名詞,-,-,-,,,,,,,,,
専門,せんもん,0,主修；專業,1,01-6,名詞,-,-,-,,,,,,,,,
社会学,しゃかいがく,2,社會學,1,01-6,名詞,-,-,-,,,,,,,,,
私,わたし,0,我,1,01-c,代名詞,-,-,-,,,,,,,,,
自己紹介,じこしょうかい,3,自我介紹,1,01-c,名詞,-,-,-,,,,,,,,,
子供,こども,0,小孩,1,01-g,名詞,-,-,-,,,,,,,,,
外国,がいこく,0,外國；國外,1,01-g,名詞,-,-,-,,,,,,,,,
CD,シーディー,3,CD,1,01-g,名詞,-,-,-,,,,,,,,,
あなた,-,2,你,1,01-g,代名詞,-,-,-,,,,,,,,,
～ちゃん,-,-,(親暱稱呼),1,01-g,後綴,-,-,-,,,,,,,,,
机,つくえ,0,書桌,1,01-g,名詞,-,-,-,,,,,,,,,
ここ,-,0,這裡,2,02-1,代名詞,-,-,-,,,,,,,,,
そこ,-,0,(你)那裡,2,02-1,代名詞,-,-,-,,,,,,,,,
あそこ,-,0,那裡,2,02-1,代名詞,-,-,-,,,,,,,,,
図書館,としょかん,2,圖書館,2,02-1,名詞,-,-,-,,,,,,,,,
大学,だいがく,0,大學,2,02-1,名詞,-,-,-,,,,,,,,,
体育館,たいいくかん,4,體育館,2,02-1,名詞,-,-,-,,,,,,,,,
寮,りょう,1,宿舍,2,02-1,名詞,-,-,-,,,,,,,,,
教室,きょうしつ,0,教室,2,02-1,名詞,-,-,-,,,,,,,,,
事務室,じむしつ,2,辦公室,2,02-1,名詞,-,-,-,,,,,,,,,
研究室,けんきゅうしつ,3,研究室,2,02-1,名詞,-,-,-,,,,,,,,,
会議室,かいぎしつ,3,會議室,2,02-1,名詞,-,-,-,,,,,,,,,
食堂,しょくどう,0,食堂,2,02-1,名詞,-,-,-,,,,,,,,,
レストラン,-,1,餐廳,2,02-1,名詞,-,-,-,,,,,,,,,
学校,がっこう,0,學校,2,02-1,名詞,-,-,-,,,,,,,,,
会社,かいしゃ,0,公司,2,02-1,名詞,-,-,-,,,,,,,,,
建物,たてもの,2,建築物,2,02-1,名詞,-,-,-,,,,,,,,,
郵便局,ゆうびんきょく,3,郵局,2,02-1,名詞,-,-,-,,,,,,,,,
銀行,ぎんこう,0,銀行,2,02-1,名詞,-,-,-,,,,,,,,,
病院,びょういん,0,醫院,2,02-1,名詞,-,-,-,,,,,,,,,
家,いえ,2,家；房子,2,02-1,名詞,-,-,-,,,,,,,,,
キッチン,-,1,廚房,2,02-1,名詞,-,-,-,,,,,,,,,
トイレ,-,1,廁所,2,02-1,名詞,-,-,-,,,,,,,,,
シャワー室,しゃわーしつ,2,淋浴室,2,02-1,名詞,-,-,-,,,,,,,,,
コンピュータ室,こんぴゅーたしつ,5,電腦室,2,02-1,名詞,-,-,-,,,,,,,,,
どこ,-,1,哪裡,2,02-2,名詞,-,-,-,,,,,,,,,
どうも,-,1,謝謝,2,02-2,句子,-,-,-,,,,,,,,,
さくら,-,0,櫻花,2,02-2,名詞,-,-,-,,,,,,,,,
ホール,-,1,大廳,2,02-2,名詞,-,-,-,,,,,,,,,
駅,えき,1,車站,2,02-2,名詞,-,-,-,,,,,,,,,
公園,こうえん,0,公園,2,02-2,名詞,-,-,-,,,,,,,,,
スタジアム,-,2,體育場,2,02-2,名詞,-,-,-,,,,,,,,,
飛行場,ひこうじょう,0,飛機場,2,02-2,名詞,-,-,-,,,,,,,,,
JLC,ジェーエルシー,5,日語教育中心,2,02-2,名詞,-,-,-,,,,,,,,,
ATM,エーティーエム,5,自動提款機,2,02-2,名詞,-,-,-,,,,,,,,,
警察,けいさつ,0,警察,2,02-2,名詞,-,-,-,,,,,,,,,
多摩,たま,1,多摩(地名),2,02-2,名詞,-,-,-,,,,,,,,,
飛田給,とびたきゅう,3,飛田給(地名),2,02-2,名詞,-,-,-,,,,,,,,,
グランド,-,0,操場,2,02-2,名詞,-,-,-,,,,,,,,,
研究講義棟,けんきゅうこうぎとう,0,教學研究大樓,2,02-2,名詞,-,-,-,,,,,,,,,
事務棟,じむとう,0,行政大樓,2,02-2,名詞,-,-,-,,,,,,,,,
保健センター,ほけんせんたー,4,保健中心,2,02-2,名詞,-,-,-,,,,,,,,,
いくら,-,1,多少錢,2,02-3,名詞,-,-,-,,,,,,,,,
～円,～えん,-,～日圓,2,02-3,後綴,-,-,-,,,,,,,,,
電話番号,でんわばんごう,4,電話號碼,2,02-3,名詞,-,-,-,,,,,,,,,
何番,なんばん,1,幾號,2,02-3,名詞,-,-,-,,,,,,,,,
ジュース,-,1,果汁,2,02-3,名詞,-,-,-,,,,,,,,,
牛乳,ぎゅうにゅう,0,牛奶,2,02-3,名詞,-,-,-,,,,,,,,,
ケーキ,-,1,蛋糕,2,02-3,名詞,-,-,-,,,,,,,,,
パン,-,1,麵包,2,02-3,名詞,-,-,-,,,,,,,,,
じゃ,-,1,那麼,2,02-3,連接詞,-,-,-,,,,,,,,,
お願いします,おねがいします,6,麻煩你,2,02-3,句子,-,-,-,,,,,,,,,
メニュー,-,1,菜單；選單,2,02-3,名詞,-,-,-,,,,,,,,,
カレーライス,-,4,咖哩飯,2,02-3,名詞,-,-,-,,,,,,,,,
スパゲッティ,-,3,義大利麵,2,02-3,名詞,-,-,-,,,,,,,,,
うどん,-,0,烏龍麵,2,02-3,名詞,-,-,-,,,,,,,,,
そば,-,1,蕎麥麵,2,02-3,名詞,-,-,-,,,,,,,,,
定食,ていしょく,0,定食；套餐,2,02-3,名詞,-,-,-,,,,,,,,,
ハンバーガー,-,3,漢堡,2,02-3,名詞,-,-,-,,,,,,,,,
サンドイッチ,-,4,三明治,2,02-3,名詞,-,-,-,,,,,,,,,
ラーメン,-,1,拉麵,2,02-3,名詞,-,-,-,,,,,,,,,
コーヒー,-,3,咖啡,2,02-3,名詞,-,-,-,,,,,,,,,
紅茶,こうちゃ,0,紅茶,2,02-3,名詞,-,-,-,,,,,,,,,
サラダ,-,1,沙拉,2,02-3,名詞,-,-,-,,,,,,,,,
白い,しろい,2,白色的,2,02-4,イ形容詞,-,-,-,,,,,,,,,
黒い,くろい,2,黑色的,2,02-4,イ形容詞,-,-,-,,,,,,,,,
青い,あおい,2,藍色的,2,02-4,イ形容詞,-,-,-,,,,,,,,,
赤い,あかい,0,紅色的,2,02-4,イ形容詞,-,-,-,,,,,,,,,
黄色い,きいろい,0,黃色的,2,02-4,イ形容詞,-,-,-,,,,,,,,,
大きい,おおきい,3,大的,2,02-4,イ形容詞,-,-,-,,,,,,,,,
小さい,ちいさい,3,小的,2,02-4,イ形容詞,-,-,-,,,,,,,,,
高い,たかい,2,高的；貴的,2,02-4,イ形容詞,-,-,-,,,,,,,,,
低い,ひくい,2,低的,2,02-4,イ形容詞,-,-,-,,,,,,,,,
新しい,あたらしい,4,新的；新鮮的,2,02-4,イ形容詞,-,-,-,,,,,,,,,
古い,ふるい,2,舊的；不新鮮的,2,02-4,イ形容詞,-,-,-,,,,,,,,,
おいしい,-,3,好吃的,2,02-4,イ形容詞,-,-,-,,,,,,,,,
まずい,-,2,難吃的,2,02-4,イ形容詞,-,-,-,,,,,,,,,
明るい,あかるい,3,明亮的；明朗的,2,02-4,イ形容詞,-,-,-,,,,,,,,,
暗い,くらい,0,暗的,2,02-4,イ形容詞,-,-,-,,,,,,,,,
安い,やすい,2,便宜的,2,02-4,イ形容詞,-,-,-,,,,,,,,,
山,やま,2,山,2,02-4,名詞,-,-,-,,,,,,,,,
漢字,かんじ,0,漢字,2,02-4,名詞,-,-,-,,,,,,,,,
どんな～,-,1,什麼樣的～,2,02-6,連體詞,-,-,-,,,,,,,,,
今,いま,1,現在；剛才；等一下,2,02-7,名詞,-,-,-,,,,,,,,,
何時,なんじ,1,幾點,2,02-7,名詞,-,-,-,,,,,,,,,
～時,～じ,-,～點,2,02-7,量詞,-,-,-,,,,,,,,,
～分,～ふん,-,～分,2,02-7,量詞,-,-,-,,,,,,,,,
～半,～はん,-,～半,2,02-7,後綴,-,-,-,,,,,,,,,
ちょっと,-,1,有一點；稍微,2,02-8,副詞,-,-,-,,,,,,,,,
買い物,かいもの,0,購物；採買,2,02-c,名詞,-,-,-,,,,,,,,,
富士山,ふじさん,1,富士山,2,02-g,名詞,-,-,-,,,,,,,,,
町,まち,2,城鎮；城市,2,02-g,名詞,-,-,-,,,,,,,,,
京都,きょうと,1,京都(地名),2,02-g,名詞,-,-,-,,,,,,,,,
今日,きょう,1,今天,2,02-g,名詞,-,-,-,,,,,,,,,
寒い,さむい,2,(天氣)寒冷的,2,02-g,イ形容詞,-,-,-,,,,,,,,,
毎日,まいにち,1,每天,3,03-1,名詞,-,-,-,,,,,,,,,
何曜日,なんようび,3,星期幾,3,03-1,名詞,-,-,-,,,,,,,,,
月曜日,げつようび,3,星期一,3,03-1,名詞,-,-,-,,,,,,,,,
火曜日,かようび,2,星期二,3,03-1,名詞,-,-,-,,,,,,,,,
水曜日,すいようび,3,星期三,3,03-1,名詞,-,-,-,,,,,,,,,
木曜日,もくようび,3,星期四,3,03-1,名詞,-,-,-,,,,,,,,,
金曜日,きんようび,3,星期五,3,03-1,名詞,-,-,-,,,,,,,,,
土曜日,どようび,2,星期六,3,03-1,名詞,-,-,-,,,,,,,,,
日曜日,にちようび,3,星期天,3,03-1,名詞,-,-,-,,,,,,,,,
明日,あした,3,明天,3,03-1,名詞,-,-,-,,,,,,,,,
昨日,きのう,2,昨天,3,03-1,名詞,-,-,-,,,,,,,,,
今週,こんしゅう,0,這週,3,03-1,名詞,-,-,-,,,,,,,,,
来週,らいしゅう,0,下週,3,03-1,名詞,-,-,-,,,,,,,,,
先週,せんしゅう,0,上週,3,03-1,名詞,-,-,-,,,,,,,,,
朝,あさ,1,早上,3,03-1,名詞,-,-,-,,,,,,,,,
昼,ひる,2,中午；白天,3,03-1,名詞,-,-,-,,,,,,,,,
夕方,ゆうがた,0,傍晚,3,03-1,名詞,-,-,-,,,,,,,,,
夜,よる,1,晚上,3,03-1,名詞,-,-,-,,,,,,,,,
午前,ごぜん,1,上午；上半天,3,03-1,名詞,-,-,-,,,,,,,,,
午後,ごご,1,下午；下半天,3,03-1,名詞,-,-,-,,,,,,,,,
起きます,おきます,3,起床,3,03-1,動詞,2,起きる,2,,,,,,,,,
～ごろ,-,-,大約(～時間)；(～時間)左右,3,03-1,後綴,-,-,-,,,,,,,,,
そして,-,0,接著；然後,3,03-1,連接詞,-,-,-,,,,,,,,,
寝ます,ねます,2,睡覺,3,03-1,動詞,2,寝る,0,,,,,,,,,
授業,じゅぎょう,1,上課；授課；課程,3,03-1,名詞,-,-,-,,,,,,,,,
始まります,はじまります,5,開始,3,03-1,動詞,1,始まる,0,,,,,,,,,
～時間目,～じかんめ,-,第~堂課,3,03-1,詞組,-,-,-,,,,,,,,,
終わります,おわります,4,結束,3,03-1,動詞,1,終わる,0,,,,,,,,,
昼休み,ひるやすみ,3,午休,3,03-1,名詞,-,-,-,,,,,,,,,
映画,えいが,1,電影,3,03-1,名詞,-,-,-,,,,,,,,,
そうですか（↓）,-,1,這樣啊,3,03-1,句子,-,-,-,,,,,,,,,
そうですか（↑）,-,1,是那樣嗎,3,03-1,句子,-,-,-,,,,,,,,,
試験,しけん,1,考試；測驗,3,03-1,名詞,-,-,-,,,,,,,,,
仕事,しごと,0,工作,3,03-1,名詞,-,-,-,,,,,,,,,
アルバイト,-,3,打工,3,03-1,名詞,-,-,-,,,,,,,,,
毎朝,まいあさ,1,每天早上,3,03-1,名詞,-,-,-,,,,,,,,,
毎晩,まいばん,1,每天晚上,3,03-1,名詞,-,-,-,,,,,,,,,
晩,ばん,0,晚上,3,03-1,名詞,-,-,-,,,,,,,,,
食べます,たべます,3,吃,3,03-2,動詞,2,食べる,2,,,,,,,,,
ご飯,ごはん,1,飯；白飯,3,03-2,名詞,-,-,-,,,,,,,,,
お酒,おさけ,0,酒,3,03-2,名詞,-,-,-,,,,,,,,,
飲みます,のみます,3,喝,3,03-2,動詞,1,飲む,1,,,,,,,,,
手紙,てがみ,0,信；書信,3,03-2,名詞,-,-,-,,,,,,,,,
レポート,-,2,報告,3,03-2,名詞,-,-,-,,,,,,,,,
書きます,かきます,3,寫,3,03-2,動詞,1,書く,1,,,,,,,,,
読みます,よみます,3,讀；閱讀；看；唸,3,03-2,動詞,1,読む,1,,,,,,,,,
歌,うた,2,歌,3,03-2,名詞,-,-,-,,,,,,,,,
音楽,おんがく,1,音樂,3,03-2,名詞,-,-,-,,,,,,,,,
聞きます,ききます,3,聽；問,3,03-2,動詞,1,聞く,0,,,,,,,,,
ニュース,-,1,新聞,3,03-2,名詞,-,-,-,,,,,,,,,
見ます,みます,2,看,3,03-2,動詞,2,見る,1,,,,,,,,,
勉強します,べんきょうします,6,讀書；學習,3,03-2,動詞,3,勉強する,0,,,,,,,,,
買います,かいます,3,買,3,03-2,動詞,1,買う,0,,,,,,,,,
昼ご飯,ひるごはん,3,午餐,3,03-2,名詞,-,-,-,,,,,,,,,
晩ご飯,ばんごはん,3,晚餐,3,03-2,名詞,-,-,-,,,,,,,,,
食事します,しょくじします,5,吃飯,3,03-2,動詞,3,食事する,0,,,,,,,,,
料理,りょうり,1,料理,3,03-2,名詞,-,-,-,,,,,,,,,
作ります,つくります,4,做；製作；建立；創造,3,03-2,動詞,1,作る,2,,,,,,,,,
テニス,-,1,網球,3,03-2,名詞,-,-,-,,,,,,,,,
サッカー,-,1,足球,3,03-2,名詞,-,-,-,,,,,,,,,
スポーツ,-,2,運動,3,03-2,名詞,-,-,-,,,,,,,,,
します,-,2,做；配戴,3,03-2,動詞,3,する,0,,,,,,,,,
買い物します,かいものします,6,購物；採買,3,03-2,動詞,3,買い物する,0,,,,,,,,,
散歩します,さんぽします,5,散步,3,03-2,動詞,3,散歩する,0,,,,,,,,,
話します,はなします,4,說；聊天,3,03-2,動詞,1,話す,2,,,,,,,,,
食べ物,たべもの,2,食物,3,03-2,名詞,-,-,-,,,,,,,,,
肉,にく,2,肉,3,03-2,名詞,-,-,-,,,,,,,,,
豚肉,ぶたにく,0,豬肉,3,03-2,名詞,-,-,-,,,,,,,,,
牛肉,ぎゅうにく,0,牛肉,3,03-2,名詞,-,-,-,,,,,,,,,
とり肉,とりにく,0,雞肉,3,03-2,名詞,-,-,-,,,,,,,,,
魚,さかな,0,魚；魚肉,3,03-2,名詞,-,-,-,,,,,,,,,
野菜,やさい,0,蔬菜,3,03-2,名詞,-,-,-,,,,,,,,,
卵,たまご,2,蛋,3,03-2,名詞,-,-,-,,,,,,,,,
果物,くだもの,2,水果,3,03-2,名詞,-,-,-,,,,,,,,,
りんご,-,0,蘋果,3,03-2,名詞,-,-,-,,,,,,,,,
バナナ,-,1,香蕉,3,03-2,名詞,-,-,-,,,,,,,,,
飲み物,のみもの,2,飲料；喝的,3,03-2,名詞,-,-,-,,,,,,,,,
水,みず,0,水；冰水,3,03-2,名詞,-,-,-,,,,,,,,,
ビール,-,1,啤酒,3,03-2,名詞,-,-,-,,,,,,,,,
ときどき,-,0,有時,3,03-2,副詞,-,-,-,,,,,,,,,
毎週,まいしゅう,0,每週,3,03-2,名詞,-,-,-,,,,,,,,,
週末,しゅうまつ,0,週末,3,03-2,名詞,-,-,-,,,,,,,,,
スーパー,-,1,超市,3,03-4,名詞,-,-,-,,,,,,,,,
デパート,-,2,百貨公司,3,03-4,名詞,-,-,-,,,,,,,,,
本屋,ほんや,1,書店,3,03-4,名詞,-,-,-,,,,,,,,,
メール,-,0,電子郵件,3,03-4,名詞,-,-,-,,,,,,,,,
ピンポン,-,1,乒乓球；桌球,3,03-4,名詞,-,-,-,,,,,,,,,
映画館,えいがかん,3,電影院,3,03-4,名詞,-,-,-,,,,,,,,,
スピーチ,-,2,演講；致詞,3,03-5,名詞,-,-,-,,,,,,,,,
あさって,-,2,後天,3,03-5,名詞,-,-,-,,,,,,,,,
作文,さくぶん,0,作文,3,03-5,名詞,-,-,-,,,,,,,,,
今晩,こんばん,1,今晚,3,03-5,名詞,-,-,-,,,,,,,,,
夕べ,ゆうべ,3,昨晚,3,03-5,名詞,-,-,-,,,,,,,,,
おととい,-,3,前天,3,03-5,名詞,-,-,-,,,,,,,,,
今朝,けさ,1,今早,3,03-5,名詞,-,-,-,,,,,,,,,
朝ご飯,あさごはん,3,早餐,3,03-5,名詞,-,-,-,,,,,,,,,
掲示板,けいじばん,0,佈告欄,3,03-5,名詞,-,-,-,,,,,,,,,
パーティー,-,1,派對；聚會,3,03-5,名詞,-,-,-,,,,,,,,,
文化,ぶんか,1,文化,3,03-5,名詞,-,-,-,,,,,,,,,
友達,ともだち,0,朋友,3,03-5,名詞,-,-,-,,,,,,,,,
家,うち,0,家,3,03-5,名詞,-,-,-,,,,,,,,,
一日,いちにち,4,一天,3,03-5,名詞,-,-,-,,,,,,,,,
バスケットボール,-,6,籃球,3,03-5,名詞,-,-,-,,,,,,,,,
質問,しつもん,0,問題；疑問,3,03-5,名詞,-,-,-,,,,,,,,,
医者,いしゃ,0,醫生,3,03-c,名詞,-,-,-,,,,,,,,,
バドミントン,-,3,羽毛球,3,03-c,名詞,-,-,-,,,,,,,,,
先々週,せんせんしゅう,0,上上週,3,03-g,名詞,-,-,-,,,,,,,,,
再来週,さらいしゅう,0,下下週,3,03-g,名詞,-,-,-,,,,,,,,,
時間,じかん,0,時間,3,03-g,名詞,-,-,-,,,,,,,,,
平仮名,ひらがな,3,平假名,3,03-g,名詞,-,-,-,,,,,,,,,
場所,ばしょ,0,場所；地點；地方,3,03-g,名詞,-,-,-,,,,,,,,,
相槌,あいづち,0,隨聲附和,3,03-g,名詞,-,-,-,,,,,,,,,
ええ,-,1,嗯；是；對(表同意或應允),3,03-g,感嘆詞,-,-,-,,,,,,,,,
うん,-,1,嗯；是；對(表同意或應允),3,03-g,感嘆詞,-,-,-,,,,,,,,,
フランス,-,0,法國,3,03-g,名詞,-,-,-,,,,,,,,,
何月,なんがつ,1,幾月,4,04-0,名詞,-,-,-,,,,,,,,,
何日,なんにち,1,幾日,4,04-0,名詞,-,-,-,,,,,,,,,
～月,～がつ,-,～月,4,04-0,量詞,-,-,-,,,,,,,,,
～日,～にち,-,～日；～號,4,04-0,量詞,-,-,-,,,,,,,,,
誕生日,たんじょうび,3,生日,4,04-0,名詞,-,-,-,,,,,,,,,
休み,やすみ,3,休息；休假日,4,04-1,名詞,-,-,-,,,,,,,,,
コンビニ,-,0,超商,4,04-1,名詞,-,-,-,,,,,,,,,
生協,せいきょう,0,合作社,4,04-1,名詞,-,-,-,,,,,,,,,
きれい,-,1,漂亮的；乾淨的,4,04-2,ナ形容詞,-,-,-,,,,,,,,,
丈夫,じょうぶ,0,堅固的；耐用的,4,04-2,ナ形容詞,-,-,-,,,,,,,,,
箱,はこ,0,箱子；盒子,4,04-2,名詞,-,-,-,,,,,,,,,
便利,べんり,1,方便的,4,04-2,ナ形容詞,-,-,-,,,,,,,,,
静か,しずか,1,安靜的,4,04-2,ナ形容詞,-,-,-,,,,,,,,,
暇,ひま,0,有空的,4,04-2,ナ形容詞,-,-,-,,,,,,,,,
店,みせ,2,店,4,04-2,名詞,-,-,-,,,,,,,,,
元気,げんき,1,有精神的；健康的,4,04-2,ナ形容詞,-,-,-,,,,,,,,,
親切,しんせつ,1,親切的,4,04-2,ナ形容詞,-,-,-,,,,,,,,,
汚い,きたない,3,髒的；(字)難看的,4,04-2,イ形容詞,-,-,-,,,,,,,,,
花,はな,2,花,4,04-2,名詞,-,-,-,,,,,,,,,
賑やか,にぎやか,2,熱鬧的,4,04-2,ナ形容詞,-,-,-,,,,,,,,,
好き,すき,2,喜歡的,4,04-4,ナ形容詞,-,-,-,,,,,,,,,
嫌い,きらい,0,討厭的,4,04-4,ナ形容詞,-,-,-,,,,,,,,,
アイスクリーム,-,5,冰淇淋,4,04-4,名詞,-,-,-,,,,,,,,,
おすし,-,2,壽司,4,04-4,名詞,-,-,-,,,,,,,,,
すき焼き,すきやき,0,壽喜燒,4,04-4,名詞,-,-,-,,,,,,,,,
天ぷら,てんぷら,0,天婦羅,4,04-4,名詞,-,-,-,,,,,,,,,
水泳,すいえい,0,游泳,4,04-4,名詞,-,-,-,,,,,,,,,
スキー,-,2,雙板滑雪,4,04-4,名詞,-,-,-,,,,,,,,,
動物,どうぶつ,0,動物,4,04-4,名詞,-,-,-,,,,,,,,,
ぞう,-,1,大象,4,04-4,名詞,-,-,-,,,,,,,,,
ねこ,-,1,貓,4,04-4,名詞,-,-,-,,,,,,,,,
犬,いぬ,2,狗,4,04-4,名詞,-,-,-,,,,,,,,,
うさぎ,-,0,兔子,4,04-4,名詞,-,-,-,,,,,,,,,
パンダ,-,1,貓熊,4,04-4,名詞,-,-,-,,,,,,,,,
コーラ,-,1,可樂,4,04-4,名詞,-,-,-,,,,,,,,,
テスト,-,1,考試；測驗,4,04-5,名詞,-,-,-,,,,,,,,,
～歳／～才,～さい,-,～歲,4,04-5,量詞,-,-,-,,,,,,,,,
昭和,しょうわ,0,昭和(年號),4,04-5,名詞,-,-,-,,,,,,,,,
行きます,いきます,3,去,4,04-6,動詞,1,行く,0,,,,,,,,,
来ます,きます,2,來,4,04-6,動詞,3,来る(くる),1,,,,,,,,,
帰ります,かえります,4,回,4,04-6,動詞,1,帰る,1,,,,,,,,,
日,ひ,1,日；日子,4,04-6,名詞,-,-,-,,,,,,,,,
写真,しゃしん,0,照片,4,04-6,名詞,-,-,-,,,,,,,,,
撮ります,とります,3,拍(照),4,04-6,動詞,1,撮る,1,,,,,,,,,
お土産,おみやげ,0,伴手禮,4,04-6,名詞,-,-,-,,,,,,,,,
いつ,-,1,什麼時候,4,04-7,名詞,-,-,-,,,,,,,,,
鎌倉,かまくら,0,鐮倉(地名),4,04-7,名詞,-,-,-,,,,,,,,,
どうぞ,-,1,請收下,4,04-7,句子,-,-,-,,,,,,,,,
お寺,おてら,0,寺；寺院,4,04-7,名詞,-,-,-,,,,,,,,,
たくさん,-,0,很多,4,04-7,副詞,-,-,-,,,,,,,,,
浅草,あさくさ,0,淺草(地名),4,04-7,名詞,-,-,-,,,,,,,,,
上野,うえの,0,上野(地名),4,04-7,名詞,-,-,-,,,,,,,,,
動物園,どうぶつえん,4,動物園,4,04-7,名詞,-,-,-,,,,,,,,,
スカイツリー,-,5,晴空塔,4,04-7,名詞,-,-,-,,,,,,,,,
よく,-,1,經常,4,04-7,副詞,-,-,-,,,,,,,,,
皆さん,みなさん,2,大家,4,04-7,名詞,-,-,-,,,,,,,,,
一緒に,いっしょに,0,一起,4,04-7,副詞,-,-,-,,,,,,,,,
雷門,かみなりもん,4,雷門,4,04-7,名詞,-,-,-,,,,,,,,,
わあ,-,1,哇(表驚訝),4,04-c,感嘆詞,-,-,-,,,,,,,,,
大好き,だいすき,1,最喜歡的；很喜歡的,4,04-c,ナ形容詞,-,-,-,,,,,,,,,
どうもありがとうございます,-,-,非常感謝,4,04-c,句子,-,-,-,,,,,,,,,
どういたしまして,-,-,不客氣,4,04-c,句子,-,-,-,,,,,,,,,
カレンダー,-,2,日曆；月曆；年曆,4,04-g,名詞,-,-,-,,,,,,,,,
～年,～ねん,-,～年,4,04-g,量詞,-,-,-,,,,,,,,,
何年,なんねん,1,幾年,4,04-g,名詞,-,-,-,,,,,,,,,
月,つき,2,月亮；月球；月份,4,04-g,名詞,-,-,-,,,,,,,,,
先々月,せんせんげつ,3,上上個月,4,04-g,名詞,-,-,-,,,,,,,,,
先月,せんげつ,1,上個月,4,04-g,名詞,-,-,-,,,,,,,,,
今月,こんげつ,0,這個月,4,04-g,名詞,-,-,-,,,,,,,,,
来月,らいげつ,1,下個月,4,04-g,名詞,-,-,-,,,,,,,,,
再来月,さらいげつ,2,下下個月,4,04-g,名詞,-,-,-,,,,,,,,,
おととし,-,2,前年,4,04-g,名詞,-,-,-,,,,,,,,,
去年,きょねん,1,去年,4,04-g,名詞,-,-,-,,,,,,,,,
今年,ことし,0,今年,4,04-g,名詞,-,-,-,,,,,,,,,
来年,らいねん,0,明年,4,04-g,名詞,-,-,-,,,,,,,,,
再来年,さらいねん,0,後年,4,04-g,名詞,-,-,-,,,,,,,,,
何歳,なんさい,1,幾歲,4,04-g,名詞,-,-,-,,,,,,,,,
新宿,しんじゅく,0,新宿(地名),4,04-g,名詞,-,-,-,,,,,,,,,
年齢,ねんれい,0,年齡,4,04-g,名詞,-,-,-,,,,,,,,,
夏休み,なつやすみ,3,暑假,5,05-1,名詞,-,-,-,,,,,,,,,
冬休み,ふゆやすみ,3,寒假,5,05-1,名詞,-,-,-,,,,,,,,,
～間,～かん,-,～間；～期間,5,05-2,後綴,-,-,-,,,,,,,,,
～ぐらい／くらい,-,-,大約(～量)；(～量)左右,5,05-2,後綴,-,-,-,,,,,,,,,
どのぐらい／どのくらい,-,0,多久；多少,5,05-2,副詞,-,-,-,,,,,,,,,
～時間,～じかん,-,～小時,5,05-2,量詞,-,-,-,,,,,,,,,
～年（間）,～ねん（かん）,-,～年,5,05-2,量詞,-,-,-,,,,,,,,,
旅行します,りょこうします,5,旅行,5,05-2,動詞,3,旅行する,0,,,,,,,,,
～週間,～しゅうかん,-,～週；～個禮拜,5,05-2,量詞,-,-,-,,,,,,,,,
練習します,れんしゅうします,6,練習,5,05-2,動詞,3,練習する,0,,,,,,,,,
～日（間）,～にち（かん）／～か（かん）,-,～天,5,05-2,量詞,-,-,-,,,,,,,,,
バス,-,1,公車；客運,5,05-3,名詞,-,-,-,,,,,,,,,
電車,でんしゃ,0,電車；火車,5,05-3,名詞,-,-,-,,,,,,,,,
地下鉄,ちかてつ,0,地鐵,5,05-3,名詞,-,-,-,,,,,,,,,
新幹線,しんかんせん,3,新幹線,5,05-3,名詞,-,-,-,,,,,,,,,
飛行機,ひこうき,2,飛機,5,05-3,名詞,-,-,-,,,,,,,,,
船,ふね,1,船,5,05-3,名詞,-,-,-,,,,,,,,,
タクシー,-,1,計程車,5,05-3,名詞,-,-,-,,,,,,,,,
自転車,じてんしゃ,2,腳踏車；自行車,5,05-3,名詞,-,-,-,,,,,,,,,
歩いて,あるいて,2,步行；徒步,5,05-3,動詞,1,歩く*,2,,,,,,,,,
東京,とうきょう,0,東京(地名),5,05-3,名詞,-,-,-,,,,,,,,,
大阪,おおさか,0,大阪(地名),5,05-3,名詞,-,-,-,,,,,,,,,
空港,くうこう,0,機場,5,05-3,名詞,-,-,-,,,,,,,,,
かかります,-,4,花費,5,05-4,動詞,1,かかる,2,,,,,,,,,
札幌,さっぽろ,0,札幌(地名),5,05-4,名詞,-,-,-,,,,,,,,,
広島,ひろしま,0,廣島(地名),5,05-4,名詞,-,-,-,,,,,,,,,
ロンドン,-,1,倫敦(地名),5,05-4,名詞,-,-,-,,,,,,,,,
サンパウロ,-,3,聖保羅(地名),5,05-4,名詞,-,-,-,,,,,,,,,
えっ,-,1,欸(表驚訝或懷疑),5,05-4,感嘆詞,-,-,-,,,,,,,,,
ソウル,-,1,首爾(地名),5,05-4,名詞,-,-,-,,,,,,,,,
どう,-,1,如何；怎麼樣,5,05-5,副詞,-,-,-,,,,,,,,,
いい,-,1,好的；可以的,5,05-5,イ形容詞,-,-,-,,,,,,,,,
悪い,わるい,2,不好的,5,05-5,イ形容詞,-,-,-,,,,,,,,,
やさしい,-,0,平易近人的；簡單的,5,05-5,イ形容詞,-,-,-,,,,,,,,,
難しい,むずかしい,0,困難的,5,05-5,イ形容詞,-,-,-,,,,,,,,,
楽しい,たのしい,3,開心的；有趣的,5,05-5,イ形容詞,-,-,-,,,,,,,,,
面白い,おもしろい,4,有趣的；逗趣的,5,05-5,イ形容詞,-,-,-,,,,,,,,,
つまらない,-,3,無聊的,5,05-5,イ形容詞,-,-,-,,,,,,,,,
忙しい,いそがしい,4,忙碌的,5,05-5,イ形容詞,-,-,-,,,,,,,,,
熱い,あつい,2,(物體)熱的,5,05-5,イ形容詞,-,-,-,,,,,,,,,
冷たい,つめたい,0,(物體)冰冷的,5,05-5,イ形容詞,-,-,-,,,,,,,,,
重い,おもい,0,重的,5,05-5,イ形容詞,-,-,-,,,,,,,,,
軽い,かるい,0,輕的,5,05-5,イ形容詞,-,-,-,,,,,,,,,
長い,ながい,2,長的,5,05-5,イ形容詞,-,-,-,,,,,,,,,
短い,みじかい,3,短的,5,05-5,イ形容詞,-,-,-,,,,,,,,,
速い,はやい,2,快的,5,05-5,イ形容詞,-,-,-,,,,,,,,,
早い,はやい,2,早的,5,05-5,イ形容詞,-,-,-,,,,,,,,,
遅い,おそい,0,晚的；慢的,5,05-5,イ形容詞,-,-,-,,,,,,,,,
近い,ちかい,2,近的,5,05-5,イ形容詞,-,-,-,,,,,,,,,
遠い,とおい,0,遠的,5,05-5,イ形容詞,-,-,-,,,,,,,,,
季節,きせつ,1,季節,5,05-5,名詞,-,-,-,,,,,,,,,
春,はる,1,春天,5,05-5,名詞,-,-,-,,,,,,,,,
夏,なつ,2,夏天,5,05-5,名詞,-,-,-,,,,,,,,,
秋,あき,1,秋天,5,05-5,名詞,-,-,-,,,,,,,,,
冬,ふゆ,2,冬天,5,05-5,名詞,-,-,-,,,,,,,,,
温かい,あたたかい,4,(物體)溫暖的,5,05-5,イ形容詞,-,-,-,,,,,,,,,
暖かい,あたたかい,4,(天氣)溫暖的,5,05-5,イ形容詞,-,-,-,,,,,,,,,
暑い,あつい,2,(天氣)熱的,5,05-5,イ形容詞,-,-,-,,,,,,,,,
涼しい,すずしい,3,涼爽的,5,05-5,イ形容詞,-,-,-,,,,,,,,,
あまり,-,3,(不)太；(不)太常,5,05-5,副詞,-,-,-,,,,,,,,,
生活します,せいかつします,6,生活,5,05-5,動詞,3,生活する,0,,,,,,,,,
北海道,ほっかいどう,3,北海道(地名),5,05-5,名詞,-,-,-,,,,,,,,,
沖縄,おきなわ,0,沖繩(地名),5,05-5,名詞,-,-,-,,,,,,,,,
どうですか,-,1,怎麼樣呢(評價),5,05-5,句子,-,-,-,,,,,,,,,
少し,すこし,2,有一點；稍微；少許,5,05-5,副詞,-,-,-,,,,,,,,,
アパート,-,2,公寓,5,05-5,名詞,-,-,-,,,,,,,,,
うるさい,-,3,吵鬧的；煩的,5,05-5,イ形容詞,-,-,-,,,,,,,,,
とても,-,0,非常,5,05-5,副詞,-,-,-,,,,,,,,,
全然,ぜんぜん,0,完全(不),5,05-5,副詞,-,-,-,,,,,,,,,
天気,てんき,1,天氣,5,05-6,名詞,-,-,-,,,,,,,,,
天気がいい,てんきがいい,-,天氣很好,5,05-6,詞組,-,-,-,,,,,,,,,
しかし,-,2,但是；不過,5,05-7,連接詞,-,-,-,,,,,,,,,
それから,-,0,然後；接著,5,05-7,連接詞,-,-,-,,,,,,,,,
問題,もんだい,0,問題；題目,5,05-7,名詞,-,-,-,,,,,,,,,
片仮名,かたかな,3,片假名,5,05-7,名詞,-,-,-,,,,,,,,,
どうでしたか,-,1,怎麼樣呢(體驗),5,05-7,句子,-,-,-,,,,,,,,,
海,うみ,1,海,5,05-7,名詞,-,-,-,,,,,,,,,
まず,-,1,首先,5,05-7,連接詞,-,-,-,,,,,,,,,
疲れます,つかれます,4,疲累；疲倦,5,05-7,動詞,2,疲れる,3,,,,,,,,,
でも,-,1,但是,5,05-7,連接詞,-,-,-,,,,,,,,,
～か月（間）,～かげつ（かん）,-,～個月,5,05-g,量詞,-,-,-,,,,,,,,,
～分（間）,～ふん（かん）,-,～分（鐘）,5,05-g,量詞,-,-,-,,,,,,,,,
～秒（間）,～びょう（かん）,-,～秒（鐘）,5,05-g,量詞,-,-,-,,,,,,,,,
ハイキング,-,1,健行；郊遊,5,05-g,名詞,-,-,-,,,,,,,,,
あります,-,3,(植物、物品等)有，在；舉辦,6,06-1,動詞,1,ある,1,,,,,,,,,
います,-,2,(人類、動物等)有，在,6,06-1,動詞,2,いる,0,,,,,,,,,
中,なか,1,裡面,6,06-1,名詞,-,-,-,,,,,,,,,
ボール,-,0,球,6,06-1,名詞,-,-,-,,,,,,,,,
上,うえ,0,上面,6,06-1,名詞,-,-,-,,,,,,,,,
下,した,0,下面,6,06-1,名詞,-,-,-,,,,,,,,,
外,そと,1,外面,6,06-1,名詞,-,-,-,,,,,,,,,
前,まえ,1,前面,6,06-1,名詞,-,-,-,,,,,,,,,
後ろ,うしろ,0,後面,6,06-1,名詞,-,-,-,,,,,,,,,
隣,となり,0,旁邊；隔壁,6,06-1,名詞,-,-,-,,,,,,,,,
間,あいだ,0,之間,6,06-1,名詞,-,-,-,,,,,,,,,
いす,-,0,椅子,6,06-1,名詞,-,-,-,,,,,,,,,
ベッド,-,1,床,6,06-1,名詞,-,-,-,,,,,,,,,
テーブル,-,0,桌子；餐桌,6,06-1,名詞,-,-,-,,,,,,,,,
財布,さいふ,0,錢包,6,06-1,名詞,-,-,-,,,,,,,,,
ゴミ箱,ごみばこ,0,垃圾桶,6,06-1,名詞,-,-,-,,,,,,,,,
本棚,ほんだな,1,書架；書櫃,6,06-1,名詞,-,-,-,,,,,,,,,
木,き,1,樹木；木頭,6,06-1,名詞,-,-,-,,,,,,,,,
男の子,おとこのこ,3,男孩,6,06-1,名詞,-,-,-,,,,,,,,,
魚屋,さかなや,0,魚店,6,06-1,名詞,-,-,-,,,,,,,,,
池,いけ,2,池子,6,06-1,名詞,-,-,-,,,,,,,,,
ベンチ,-,1,長椅,6,06-1,名詞,-,-,-,,,,,,,,,
近く,ちかく,1,附近,6,06-1,名詞,-,-,-,,,,,,,,,
女の人,おんなのひと,6,女人,6,06-1,名詞,-,-,-,,,,,,,,,
鳥,とり,0,鳥；雞,6,06-1,名詞,-,-,-,,,,,,,,,
お金,おかね,0,錢,6,06-2,名詞,-,-,-,,,,,,,,,
携帯電話,けいたいでんわ,5,手機,6,06-2,名詞,-,-,-,,,,,,,,,
スマホ,-,0,智慧型手機,6,06-2,名詞,-,-,-,,,,,,,,,
いくつ,-,1,幾個；幾歲,6,06-3,名詞,-,-,-,,,,,,,,,
何人,なんにん,1,幾人,6,06-3,名詞,-,-,-,,,,,,,,,
～人,～にん,-,～人,6,06-3,量詞,-,-,-,,,,,,,,,
～本,～ほん,-,～支；～根；～瓶,6,06-3,量詞,-,-,-,,,,,,,,,
～枚,～まい,-,～張；～枚；～片,6,06-3,量詞,-,-,-,,,,,,,,,
～匹,～ひき,-,～隻,6,06-3,量詞,-,-,-,,,,,,,,,
～冊,～さつ,-,～本,6,06-3,量詞,-,-,-,,,,,,,,,
～台,～だい,-,～台,6,06-3,量詞,-,-,-,,,,,,,,,
話,はなし,3,話；談話；話題；事情；故事,6,06-3,名詞,-,-,-,,,,,,,,,
四季,しき,2,四季,6,06-3,名詞,-,-,-,,,,,,,,,
冷蔵庫,れいぞうこ,3,冰箱,6,06-3,名詞,-,-,-,,,,,,,,,
鉛筆,えんぴつ,0,鉛筆,6,06-3,名詞,-,-,-,,,,,,,,,
男の人,おとこのひと,6,男人,6,06-3,名詞,-,-,-,,,,,,,,,
庭,にわ,0,庭院；院子,6,06-3,名詞,-,-,-,,,,,,,,,
大人,おとな,0,大人,6,06-3,名詞,-,-,-,,,,,,,,,
大勢,おおぜい,0,大量的(人),6,06-3,副詞,-,-,-,,,,,,,,,
～階,～かい,-,～樓,6,06-4,量詞,-,-,-,,,,,,,,,
コピー室,こぴーしつ,2,影印室,6,06-4,名詞,-,-,-,,,,,,,,,
あの／あのう,-,0,那個(用於引起聽者注意),6,06-4,感嘆詞,-,-,-,,,,,,,,,
カフェ,-,1,咖啡廳,6,06-4,名詞,-,-,-,,,,,,,,,
売り場,うりば,0,賣場；販賣區,6,06-4,名詞,-,-,-,,,,,,,,,
地下,ちか,1,地下,6,06-4,名詞,-,-,-,,,,,,,,,
切手,きって,0,郵票,6,06-4,名詞,-,-,-,,,,,,,,,
いちご,-,0,草莓,6,06-4,名詞,-,-,-,,,,,,,,,
ください,-,3,請給(我),6,06-5,動詞,1,くださる,3,,,,,,,,,
はがき,-,0,明信片,6,06-5,名詞,-,-,-,,,,,,,,,
Tシャツ,ティーシャツ,0,T恤,6,06-5,名詞,-,-,-,,,,,,,,,
～個,～こ,-,～個；～顆,6,06-5,量詞,-,-,-,,,,,,,,,
紙,かみ,2,紙,6,06-5,名詞,-,-,-,,,,,,,,,
チョコレート,-,3,巧克力,6,06-5,名詞,-,-,-,,,,,,,,,
店員,てんいん,0,店員,6,06-5,名詞,-,-,-,,,,,,,,,
いらっしゃいませ,-,6,歡迎光臨,6,06-5,句子,-,-,-,,,,,,,,,
お客さん,おきゃくさん,0,客人(敬稱),6,06-5,名詞,-,-,-,,,,,,,,,
全部で,ぜんぶで,1,總共；合計,6,06-5,詞組,-,-,-,,,,,,,,,
エアコン,-,0,空調；冷氣,6,06-5,名詞,-,-,-,,,,,,,,,
パソコン,-,0,電腦,6,06-5,名詞,-,-,-,,,,,,,,,
国土,こくど,1,國土；領土,6,06-5,名詞,-,-,-,,,,,,,,,
東アジア,ひがしあじあ,4,東亞,6,06-5,名詞,-,-,-,,,,,,,,,
島,しま,2,島,6,06-5,名詞,-,-,-,,,,,,,,,
本州,ほんしゅう,1,本州,6,06-5,名詞,-,-,-,,,,,,,,,
四国,しこく,2,四國,6,06-5,名詞,-,-,-,,,,,,,,,
九州,きゅうしゅう,1,九州,6,06-5,名詞,-,-,-,,,,,,,,,
～パーセント,-,3,百分之～,6,06-5,量詞,-,-,-,,,,,,,,,
平野,へいや,0,平原,6,06-5,名詞,-,-,-,,,,,,,,,
人口,じんこう,0,人口,6,06-5,名詞,-,-,-,,,,,,,,,
首都,しゅと,1,首都,6,06-5,名詞,-,-,-,,,,,,,,,
東,ひがし,0,東,6,06-5,名詞,-,-,-,,,,,,,,,
北,きた,0,北,6,06-5,名詞,-,-,-,,,,,,,,,
西,にし,0,西,6,06-5,名詞,-,-,-,,,,,,,,,
南,みなみ,0,南,6,06-5,名詞,-,-,-,,,,,,,,,
ヨーロッパ,-,3,歐洲,6,06-5,名詞,-,-,-,,,,,,,,,
アフリカ,-,0,非洲,6,06-5,名詞,-,-,-,,,,,,,,,
アジア,-,1,亞洲,6,06-5,名詞,-,-,-,,,,,,,,,
オセアニア,-,0,大洋洲,6,06-5,名詞,-,-,-,,,,,,,,,
北アメリカ,きたあめりか,3,北美洲,6,06-5,名詞,-,-,-,,,,,,,,,
南アメリカ,みなみあめりか,4,南美洲,6,06-5,名詞,-,-,-,,,,,,,,,
文房具屋,ぶんぼうぐや,0,文具店,6,06-5,名詞,-,-,-,,,,,,,,,
電気屋,でんきや,0,電器店,6,06-5,名詞,-,-,-,,,,,,,,,
パン屋,ぱんや,1,麵包店,6,06-5,名詞,-,-,-,,,,,,,,,
コッペパン,-,0,熱狗堡麵包,6,06-5,名詞,-,-,-,,,,,,,,,
食パン,しょくぱん,0,吐司,6,06-5,名詞,-,-,-,,,,,,,,,
発表します,はっぴょうします,6,發表；宣布,6,06-c,名詞,-,-,-,,,,,,,,,
～つ,-,-,～個；～份,6,06-g,量詞,-,-,-,,,,,,,,,